ImageId,Prediction
1,3
2,8
3,8
4,0
5,6
6,6
7,1
8,6
9,3
10,1
11,0
12,9
13,5
14,5
15,9
16,8
17,3
18,7
19,8
20,6
21,7
22,2
23,4
24,9
25,2
26,2
27,3
28,0
29,9
30,6
31,6
32,5
33,4
34,5
35,9
36,5
37,4
38,9
39,9
40,5
41,0
42,6
43,5
44,6
45,0
46,9
47,3
48,9
49,4
50,6
51,9
52,8
53,5
54,6
55,8
56,8
57,7
58,3
59,6
60,5
61,7
62,5
63,4
64,3
65,6
66,2
67,1
68,0
69,3
70,7
71,0
72,6
73,8
74,8
75,9
76,2
77,9
78,5
79,5
80,8
81,8
82,1
83,1
84,7
85,2
86,7
87,2
88,7
89,8
90,9
91,0
92,3
93,8
94,6
95,4
96,6
97,6
98,0
99,0
100,7
101,4
102,4
103,6
104,3
105,1
106,8
107,3
108,6
109,2
110,5
111,4
112,0
113,2
114,2
115,9
116,3
117,0
118,4
119,3
120,5
121,8
122,3
123,1
124,2
125,8
126,2
127,8
128,3
129,3
130,0
131,4
132,1
133,9
134,9
135,9
136,2
137,9
138,7
139,2
140,0
141,6
142,5
143,6
144,5
145,8
146,0
147,6
148,6
149,5
150,3
151,0
152,9
153,6
154,1
155,0
156,5
157,3
158,9
159,3
160,4
161,2
162,1
163,5
164,6
165,0
166,7
167,8
168,4
169,3
170,0
171,9
172,0
173,9
174,8
175,9
176,9
177,6
178,7
179,3
180,0
181,6
182,3
183,6
184,6
185,6
186,8
187,6
188,3
189,3
190,8
191,6
192,8
193,0
194,1
195,7
196,3
197,8
198,3
199,7
200,8
201,5
202,0
203,8
204,7
205,1
206,3
207,0
208,5
209,7
210,9
211,3
212,0
213,5
214,8
215,8
216,0
217,7
218,9
219,1
220,7
221,7
222,3
223,9
224,5
225,3
226,9
227,6
228,3
229,3
230,2
231,5
232,1
233,5
234,8
235,8
236,0
237,4
238,7
239,5
240,3
241,1
242,1
243,8
244,9
245,4
246,2
247,1
248,8
249,2
250,6
251,5
252,5
253,9
254,0
255,2
256,0
257,3
258,0
259,8
260,1
261,8
262,1
263,1
264,3
265,0
266,8
267,2
268,4
269,7
270,0
271,5
272,5
273,6
274,5
275,8
276,5
277,0
278,5
279,4
280,3
281,9
282,0
283,6
284,1
285,9
286,9
287,1
288,8
289,9
290,9
291,1
292,2
293,6
294,1
295,3
296,2
297,6
298,0
299,0
300,6
301,6
302,6
303,7
304,7
305,6
306,1
307,9
308,2
309,9
310,4
311,8
312,6
313,0
314,2
315,4
316,0
317,7
318,7
319,5
320,3
321,3
322,5
323,2
324,3
325,7
326,3
327,7
328,5
329,4
330,6
331,9
332,9
333,3
334,6
335,6
336,1
337,3
338,8
339,0
340,0
341,6
342,6
343,2
344,5
345,8
346,5
347,5
348,6
349,8
350,9
351,9
352,1
353,8
354,0
355,6
356,4
357,6
358,3
359,0
360,0
361,9
362,5
363,8
364,1
365,9
366,0
367,1
368,5
369,8
370,1
371,2
372,7
373,9
374,4
375,2
376,7
377,8
378,2
379,8
380,6
381,6
382,1
383,0
384,9
385,5
386,0
387,7
388,5
389,3
390,5
391,8
392,2
393,6
394,5
395,9
396,6
397,5
398,3
399,0
400,9
401,9
402,1
403,7
404,8
405,8
406,4
407,0
408,1
409,8
410,2
411,7
412,0
413,3
414,6
415,1
416,9
417,0
418,2
419,5
420,7
421,4
422,5
423,0
424,3
425,2
426,9
427,3
428,3
429,6
430,6
431,2
432,3
433,3
434,4
435,4
436,7
437,2
438,3
439,5
440,9
441,6
442,2
443,9
444,9
445,8
446,7
447,3
448,0
449,4
450,2
451,2
452,8
453,7
454,3
455,9
456,2
457,4
458,4
459,4
460,6
461,5
462,6
463,1
464,5
465,3
466,4
467,4
468,3
469,4
470,8
471,5
472,7
473,8
474,8
475,3
476,7
477,6
478,0
479,3
480,4
481,8
482,6
483,8
484,5
485,5
486,9
487,9
488,9
489,3
490,0
491,1
492,2
493,8
494,1
495,1
496,1
497,1
498,5
499,5
500,2
501,2
502,6
503,5
504,4
505,9
506,7
507,7
508,9
509,9
510,4
511,3
512,6
513,6
514,1
515,5
516,3
517,8
518,9
519,3
520,8
521,5
522,7
523,0
524,7
525,0
526,3
527,7
528,0
529,8
530,6
531,9
532,8
533,1
534,5
535,6
536,6
537,6
538,2
539,9
540,1
541,9
542,7
543,6
544,7
545,5
546,9
547,1
548,6
549,3
550,3
551,2
552,5
553,8
554,3
555,9
556,4
557,2
558,4
559,3
560,2
561,0
562,7
563,6
564,4
565,2
566,5
567,9
568,3
569,8
570,2
571,6
572,7
573,1
574,0
575,6
576,6
577,8
578,8
579,7
580,6
581,4
582,0
583,8
584,2
585,0
586,8
587,3
588,4
589,8
590,9
591,6
592,9
593,2
594,6
595,1
596,4
597,7
598,3
599,3
600,3
601,9
602,5
603,0
604,2
605,1
606,6
607,9
608,2
609,3
610,9
611,6
612,1
613,8
614,8
615,5
616,9
617,9
618,6
619,7
620,1
621,7
622,8
623,1
624,7
625,7
626,1
627,9
628,4
629,7
630,1
631,2
632,5
633,6
634,2
635,7
636,6
637,8
638,2
639,1
640,7
641,5
642,3
643,8
644,7
645,9
646,1
647,3
648,5
649,4
650,7
651,3
652,0
653,3
654,6
655,9
656,4
657,1
658,5
659,6
660,1
661,9
662,4
663,7
664,6
665,3
666,0
667,9
668,0
669,9
670,2
671,6
672,5
673,2
674,3
675,0
676,0
677,3
678,9
679,0
680,5
681,9
682,6
683,0
684,0
685,9
686,2
687,9
688,6
689,3
690,6
691,4
692,2
693,0
694,7
695,8
696,3
697,8
698,0
699,7
700,5
701,0
702,2
703,6
704,8
705,7
706,4
707,0
708,9
709,8
710,8
711,2
712,0
713,8
714,7
715,4
716,3
717,3
718,9
719,4
720,9
721,7
722,8
723,8
724,1
725,8
726,1
727,1
728,3
729,6
730,3
731,6
732,0
733,7
734,9
735,8
736,6
737,9
738,2
739,1
740,7
741,5
742,7
743,9
744,7
745,0
746,7
747,6
748,6
749,7
750,3
751,9
752,0
753,9
754,1
755,2
756,4
757,6
758,8
759,2
760,1
761,7
762,6
763,6
764,0
765,9
766,2
767,4
768,9
769,5
770,4
771,6
772,9
773,6
774,6
775,0
776,2
777,2
778,6
779,0
780,6
781,9
782,1
783,7
784,6
785,7
786,8
787,3
788,9
789,2
790,8
791,0
792,0
793,4
794,5
795,7
796,5
797,2
798,3
799,4
800,4
801,7
802,1
803,2
804,7
805,4
806,4
807,0
808,4
809,3
810,8
811,3
812,2
813,7
814,2
815,1
816,8
817,9
818,3
819,8
820,2
821,2
822,7
823,0
824,8
825,7
826,6
827,0
828,6
829,3
830,2
831,1
832,9
833,2
834,5
835,2
836,9
837,1
838,2
839,9
840,2
841,7
842,0
843,7
844,2
845,2
846,2
847,2
848,0
849,6
850,4
851,2
852,9
853,8
854,1
855,0
856,2
857,7
858,0
859,7
860,8
861,7
862,6
863,6
864,5
865,0
866,1
867,1
868,7
869,0
870,1
871,3
872,1
873,4
874,2
875,3
876,8
877,4
878,2
879,2
880,7
881,8
882,6
883,2
884,1
885,9
886,8
887,0
888,8
889,8
890,4
891,4
892,6
893,7
894,3
895,1
896,1
897,3
898,7
899,3
900,5
901,5
902,6
903,6
904,3
905,0
906,7
907,8
908,6
909,8
910,8
911,7
912,3
913,7
914,4
915,0
916,1
917,7
918,8
919,8
920,0
921,6
922,9
923,9
924,1
925,9
926,3
927,8
928,6
929,0
930,0
931,4
932,2
933,3
934,3
935,7
936,5
937,2
938,5
939,1
940,8
941,9
942,9
943,7
944,4
945,0
946,3
947,2
948,1
949,2
950,1
951,3
952,9
953,6
954,1
955,4
956,7
957,0
958,6
959,7
960,8
961,9
962,6
963,1
964,6
965,6
966,0
967,3
968,1
969,1
970,9
971,9
972,4
973,2
974,1
975,2
976,0
977,6
978,8
979,1
980,9
981,2
982,9
983,7
984,4
985,7
986,8
987,5
988,1
989,2
990,0
991,1
992,3
993,8
994,7
995,6
996,3
997,0
998,1
999,3
1000,8
1001,5
1002,8
1003,9
1004,4
1005,8
1006,1
1007,1
1008,8
1009,9
1010,6
1011,0
1012,8
1013,6
1014,1
1015,3
1016,4
1017,1
1018,6
1019,0
1020,0
1021,1
1022,8
1023,0
1024,0
1025,3
1026,5
1027,0
1028,9
1029,6
1030,6
1031,3
1032,0
1033,2
1034,3
1035,3
1036,3
1037,2
1038,9
1039,2
1040,4
1041,5
1042,3
1043,2
1044,4
1045,0
1046,3
1047,2
1048,1
1049,1
1050,1
1051,9
1052,6
1053,0
1054,5
1055,9
1056,5
1057,3
1058,1
1059,6
1060,8
1061,9
1062,9
1063,6
1064,4
1065,3
1066,3
1067,1
1068,2
1069,9
1070,6
1071,5
1072,6
1073,8
1074,7
1075,3
1076,0
1077,0
1078,0
1079,0
1080,6
1081,6
1082,6
1083,9
1084,2
1085,5
1086,4
1087,4
1088,3
1089,3
1090,6
1091,0
1092,8
1093,6
1094,0
1095,3
1096,6
1097,7
1098,5
1099,1
1100,2
1101,7
1102,8
1103,8
1104,0
1105,9
1106,3
1107,9
1108,7
1109,2
1110,1
1111,2
1112,8
1113,4
1114,8
1115,9
1116,1
1117,5
1118,3
1119,7
1120,7
1121,4
1122,3
1123,8
1124,3
1125,5
1126,6
1127,0
1128,8
1129,5
1130,5
1131,8
1132,9
1133,3
1134,4
1135,1
1136,3
1137,9
1138,9
1139,3
1140,8
1141,6
1142,1
1143,8
1144,6
1145,0
1146,6
1147,2
1148,6
1149,6
1150,7
1151,4
1152,6
1153,0
1154,8
1155,6
1156,9
1157,0
1158,1
1159,1
1160,8
1161,8
1162,8
1163,7
1164,7
1165,8
1166,0
1167,3
1168,2
1169,3
1170,7
1171,7
1172,7
1173,2
1174,3
1175,1
1176,9
1177,1
1178,9
1179,2
1180,5
1181,3
1182,2
1183,1
1184,0
1185,6
1186,1
1187,2
1188,1
1189,0
1190,2
1191,1
1192,9
1193,6
1194,2
1195,0
1196,6
1197,2
1198,0
1199,7
1200,3
1201,8
1202,7
1203,5
1204,8
1205,6
1206,8
1207,1
1208,8
1209,9
1210,7
1211,1
1212,2
1213,1
1214,1
1215,5
1216,7
1217,8
1218,2
1219,8
1220,3
1221,5
1222,9
1223,9
1224,0
1225,4
1226,6
1227,6
1228,3
1229,3
1230,1
1231,3
1232,9
1233,1
1234,4
1235,1
1236,5
1237,2
1238,0
1239,1
1240,5
1241,6
1242,0
1243,1
1244,8
1245,3
1246,0
1247,5
1248,2
1249,4
1250,4
1251,7
1252,2
1253,5
1254,8
1255,2
1256,4
1257,8
1258,2
1259,9
1260,8
1261,1
1262,1
1263,8
1264,8
1265,8
1266,9
1267,8
1268,4
1269,7
1270,5
1271,1
1272,8
1273,4
1274,6
1275,3
1276,3
1277,5
1278,2
1279,2
1280,9
1281,3
1282,8
1283,9
1284,7
1285,8
1286,9
1287,8
1288,9
1289,1
1290,6
1291,5
1292,9
1293,3
1294,4
1295,8
1296,0
1297,7
1298,0
1299,1
1300,7
1301,4
1302,1
1303,6
1304,6
1305,8
1306,9
1307,9
1308,0
1309,4
1310,6
1311,8
1312,8
1313,6
1314,1
1315,9
1316,8
1317,5
1318,9
1319,5
1320,0
1321,7
1322,3
1323,9
1324,0
1325,3
1326,6
1327,6
1328,6
1329,3
1330,5
1331,5
1332,8
1333,9
1334,7
1335,3
1336,1
1337,4
1338,5
1339,6
1340,3
1341,1
1342,4
1343,4
1344,0
1345,9
1346,4
1347,4
1348,8
1349,0
1350,8
1351,6
1352,7
1353,0
1354,3
1355,1
1356,2
1357,2
1358,9
1359,8
1360,9
1361,7
1362,9
1363,5
1364,1
1365,4
1366,0
1367,8
1368,2
1369,3
1370,8
1371,9
1372,1
1373,1
1374,3
1375,2
1376,4
1377,9
1378,8
1379,1
1380,8
1381,6
1382,6
1383,8
1384,6
1385,9
1386,5
1387,3
1388,8
1389,3
1390,4
1391,6
1392,2
1393,2
1394,4
1395,5
1396,6
1397,1
1398,0
1399,0
1400,4
1401,3
1402,4
1403,7
1404,4
1405,1
1406,1
1407,9
1408,8
1409,1
1410,2
1411,1
1412,3
1413,1
1414,1
1415,1
1416,5
1417,3
1418,9
1419,6
1420,8
1421,7
1422,6
1423,0
1424,4
1425,1
1426,3
1427,7
1428,1
1429,7
1430,3
1431,8
1432,4
1433,9
1434,7
1435,0
1436,1
1437,6
1438,1
1439,2
1440,9
1441,8
1442,3
1443,3
1444,6
1445,1
1446,5
1447,0
1448,0
1449,4
1450,6
1451,4
1452,6
1453,3
1454,2
1455,3
1456,6
1457,4
1458,1
1459,8
1460,9
1461,6
1462,0
1463,4
1464,0
1465,1
1466,9
1467,7
1468,1
1469,5
1470,5
1471,7
1472,0
1473,7
1474,7
1475,7
1476,9
1477,7
1478,7
1479,7
1480,0
1481,8
1482,2
1483,8
1484,6
1485,4
1486,4
1487,7
1488,9
1489,8
1490,6
1491,8
1492,6
1493,9
1494,9
1495,7
1496,0
1497,2
1498,8
1499,3
1500,8
1501,9
1502,3
1503,2
1504,5
1505,1
1506,2
1507,7
1508,8
1509,8
1510,2
1511,8
1512,1
1513,8
1514,4
1515,0
1516,2
1517,6
1518,1
1519,3
1520,6
1521,7
1522,7
1523,4
1524,6
1525,3
1526,8
1527,4
1528,7
1529,2
1530,2
1531,9
1532,4
1533,8
1534,7
1535,4
1536,4
1537,3
1538,4
1539,0
1540,2
1541,8
1542,4
1543,5
1544,5
1545,4
1546,9
1547,4
1548,0
1549,5
1550,9
1551,6
1552,4
1553,3
1554,4
1555,4
1556,0
1557,8
1558,8
1559,4
1560,5
1561,7
1562,5
1563,6
1564,9
1565,1
1566,6
1567,7
1568,2
1569,0
1570,9
1571,7
1572,5
1573,3
1574,0
1575,7
1576,2
1577,4
1578,3
1579,6
1580,0
1581,3
1582,9
1583,9
1584,9
1585,7
1586,7
1587,5
1588,2
1589,5
1590,6
1591,2
1592,1
1593,4
1594,6
1595,5
1596,6
1597,0
1598,3
1599,5
1600,3
1601,0
1602,9
1603,7
1604,3
1605,1
1606,3
1607,3
1608,9
1609,6
1610,4
1611,2
1612,3
1613,2
1614,7
1615,1
1616,3
1617,7
1618,0
1619,7
1620,4
1621,5
1622,1
1623,4
1624,4
1625,4
1626,3
1627,8
1628,9
1629,2
1630,9
1631,9
1632,9
1633,8
1634,1
1635,6
1636,7
1637,5
1638,2
1639,2
1640,9
1641,7
1642,6
1643,5
1644,9
1645,6
1646,4
1647,0
1648,7
1649,9
1650,5
1651,5
1652,0
1653,0
1654,0
1655,9
1656,8
1657,0
1658,5
1659,4
1660,8
1661,3
1662,6
1663,3
1664,6
1665,2
1666,6
1667,6
1668,6
1669,9
1670,6
1671,6
1672,8
1673,6
1674,2
1675,5
1676,7
1677,8
1678,1
1679,2
1680,7
1681,6
1682,6
1683,7
1684,8
1685,9
1686,2
1687,0
1688,0
1689,6
1690,9
1691,2
1692,8
1693,9
1694,8
1695,0
1696,9
1697,0
1698,9
1699,3
1700,5
1701,5
1702,5
1703,9
1704,3
1705,0
1706,5
1707,1
1708,9
1709,7
1710,6
1711,4
1712,1
1713,0
1714,1
1715,2
1716,5
1717,1
1718,7
1719,1
1720,0
1721,4
1722,9
1723,6
1724,2
1725,4
1726,0
1727,0
1728,1
1729,0
1730,8
1731,4
1732,6
1733,1
1734,3
1735,9
1736,0
1737,6
1738,6
1739,5
1740,9
1741,1
1742,5
1743,8
1744,1
1745,0
1746,5
1747,2
1748,1
1749,0
1750,2
1751,8
1752,1
1753,5
1754,6
1755,7
1756,7
1757,0
1758,6
1759,2
1760,5
1761,0
1762,1
1763,6
1764,2
1765,7
1766,4
1767,6
1768,2
1769,0
1770,0
1771,4
1772,2
1773,9
1774,3
1775,5
1776,3
1777,0
1778,4
1779,8
1780,5
1781,7
1782,6
1783,5
1784,8
1785,1
1786,0
1787,1
1788,3
1789,6
1790,0
1791,4
1792,6
1793,9
1794,5
1795,3
1796,6
1797,8
1798,1
1799,4
1800,4
1801,4
1802,4
1803,2
1804,3
1805,9
1806,8
1807,1
1808,5
1809,9
1810,8
1811,1
1812,1
1813,3
1814,2
1815,0
1816,9
1817,7
1818,6
1819,3
1820,0
1821,8
1822,4
1823,7
1824,7
1825,9
1826,2
1827,8
1828,4
1829,7
1830,1
1831,5
1832,9
1833,6
1834,8
1835,1
1836,4
1837,4
1838,6
1839,1
1840,7
1841,8
1842,9
1843,4
1844,1
1845,9
1846,7
1847,2
1848,5
1849,3
1850,7
1851,6
1852,0
1853,5
1854,9
1855,5
1856,5
1857,8
1858,5
1859,6
1860,2
1861,2
1862,5
1863,2
1864,2
1865,7
1866,4
1867,8
1868,4
1869,4
1870,8
1871,3
1872,3
1873,5
1874,6
1875,8
1876,0
1877,5
1878,2
1879,7
1880,1
1881,1
1882,9
1883,1
1884,6
1885,5
1886,5
1887,2
1888,5
1889,2
1890,9
1891,6
1892,8
1893,2
1894,9
1895,3
1896,0
1897,9
1898,8
1899,3
1900,7
1901,8
1902,5
1903,0
1904,0
1905,1
1906,0
1907,3
1908,1
1909,3
1910,3
1911,4
1912,4
1913,0
1914,0
1915,9
1916,9
1917,9
1918,8
1919,2
1920,4
1921,2
1922,0
1923,5
1924,1
1925,4
1926,1
1927,0
1928,1
1929,4
1930,2
1931,1
1932,6
1933,2
1934,3
1935,7
1936,2
1937,3
1938,1
1939,9
1940,9
1941,8
1942,7
1943,2
1944,8
1945,5
1946,7
1947,8
1948,3
1949,5
1950,0
1951,5
1952,7
1953,4
1954,0
1955,0
1956,7
1957,7
1958,9
1959,8
1960,0
1961,3
1962,9
1963,6
1964,0
1965,3
1966,9
1967,7
1968,7
1969,8
1970,9
1971,1
1972,3
1973,2
1974,0
1975,6
1976,6
1977,5
1978,3
1979,6
1980,6
1981,9
1982,3
1983,6
1984,7
1985,7
1986,2
1987,2
1988,9
1989,3
1990,6
1991,3
1992,1
1993,6
1994,4
1995,8
1996,2
1997,5
1998,9
1999,8
2000,5
2001,6
2002,3
2003,4
2004,3
2005,7
2006,5
2007,7
2008,8
2009,9
2010,1
2011,1
2012,4
2013,5
2014,6
2015,8
2016,6
2017,6
2018,5
2019,3
2020,7
2021,9
2022,8
2023,5
2024,3
2025,6
2026,4
2027,5
2028,2
2029,7
2030,5
2031,4
2032,1
2033,2
2034,4
2035,6
2036,6
2037,3
2038,3
2039,2
2040,8
2041,0
2042,2
2043,1
2044,0
2045,5
2046,1
2047,3
2048,3
2049,8
2050,3
2051,8
2052,3
2053,8
2054,6
2055,5
2056,5
2057,5
2058,5
2059,0
2060,1
2061,6
2062,5
2063,7
2064,1
2065,8
2066,2
2067,4
2068,4
2069,3
2070,2
2071,2
2072,9
2073,6
2074,2
2075,2
2076,4
2077,3
2078,0
2079,6
2080,2
2081,1
2082,3
2083,2
2084,8
2085,7
2086,0
2087,1
2088,0
2089,7
2090,7
2091,5
2092,2
2093,1
2094,6
2095,5
2096,0
2097,2
2098,2
2099,0
2100,1
2101,2
2102,6
2103,0
2104,1
2105,6
2106,6
2107,3
2108,3
2109,4
2110,0
2111,0
2112,1
2113,1
2114,0
2115,2
2116,5
2117,9
2118,7
2119,8
2120,6
2121,8
2122,0
2123,0
2124,2
2125,8
2126,1
2127,9
2128,2
2129,6
2130,6
2131,2
2132,9
2133,2
2134,3
2135,5
2136,8
2137,9
2138,2
2139,6
2140,8
2141,9
2142,7
2143,1
2144,9
2145,3
2146,4
2147,2
2148,7
2149,9
2150,6
2151,9
2152,8
2153,7
2154,8
2155,3
2156,9
2157,8
2158,3
2159,9
2160,7
2161,0
2162,3
2163,8
2164,6
2165,1
2166,0
2167,0
2168,5
2169,5
2170,8
2171,2
2172,2
2173,7
2174,2
2175,9
2176,5
2177,1
2178,1
2179,3
2180,1
2181,4
2182,0
2183,4
2184,4
2185,9
2186,0
2187,9
2188,6
2189,9
2190,2
2191,1
2192,4
2193,6
2194,2
2195,8
2196,6
2197,8
2198,6
2199,1
2200,2
2201,2
2202,5
2203,9
2204,6
2205,9
2206,5
2207,1
2208,3
2209,4
2210,4
2211,2
2212,7
2213,2
2214,6
2215,4
2216,0
2217,2
2218,8
2219,4
2220,5
2221,1
2222,2
2223,4
2224,0
2225,1
2226,7
2227,6
2228,0
2229,7
2230,4
2231,3
2232,3
2233,3
2234,2
2235,7
2236,5
2237,3
2238,6
2239,1
2240,7
2241,9
2242,0
2243,6
2244,3
2245,9
2246,0
2247,8
2248,5
2249,8
2250,0
2251,7
2252,5
2253,3
2254,5
2255,8
2256,1
2257,4
2258,8
2259,1
2260,5
2261,4
2262,3
2263,4
2264,6
2265,0
2266,8
2267,8
2268,3
2269,3
2270,3
2271,3
2272,8
2273,7
2274,3
2275,1
2276,6
2277,1
2278,3
2279,9
2280,9
2281,4
2282,5
2283,9
2284,4
2285,8
2286,5
2287,3
2288,4
2289,4
2290,1
2291,9
2292,5
2293,3
2294,1
2295,1
2296,8
2297,9
2298,7
2299,0
2300,6
2301,0
2302,2
2303,0
2304,2
2305,6
2306,7
2307,3
2308,9
2309,1
2310,6
2311,4
2312,4
2313,2
2314,4
2315,2
2316,2
2317,5
2318,3
2319,2
2320,7
2321,2
2322,2
2323,0
2324,8
2325,0
2326,2
2327,7
2328,1
2329,7
2330,4
2331,0
2332,3
2333,2
2334,6
2335,1
2336,2
2337,9
2338,7
2339,3
2340,4
2341,0
2342,0
2343,3
2344,6
2345,0
2346,1
2347,1
2348,8
2349,4
2350,3
2351,0
2352,1
2353,5
2354,4
2355,8
2356,8
2357,8
2358,1
2359,3
2360,2
2361,5
2362,2
2363,2
2364,4
2365,6
2366,5
2367,9
2368,4
2369,0
2370,1
2371,0
2372,4
2373,3
2374,0
2375,8
2376,0
2377,1
2378,4
2379,1
2380,8
2381,8
2382,5
2383,9
2384,4
2385,3
2386,8
2387,4
2388,9
2389,0
2390,6
2391,1
2392,2
2393,5
2394,1
2395,6
2396,4
2397,7
2398,2
2399,8
2400,8
2401,0
2402,8
2403,9
2404,6
2405,2
2406,6
2407,4
2408,9
2409,2
2410,6
2411,3
2412,0
2413,6
2414,6
2415,3
2416,3
2417,6
2418,4
2419,8
2420,3
2421,8
2422,8
2423,4
2424,7
2425,8
2426,9
2427,2
2428,3
2429,6
2430,8
2431,9
2432,8
2433,9
2434,9
2435,0
2436,2
2437,6
2438,8
2439,1
2440,1
2441,7
2442,4
2443,6
2444,2
2445,5
2446,6
2447,9
2448,0
2449,2
2450,5
2451,1
2452,8
2453,4
2454,4
2455,1
2456,6
2457,8
2458,6
2459,8
2460,5
2461,9
2462,0
2463,1
2464,0
2465,2
2466,9
2467,8
2468,9
2469,0
2470,9
2471,7
2472,8
2473,5
2474,0
2475,6
2476,6
2477,8
2478,1
2479,6
2480,4
2481,8
2482,7
2483,9
2484,2
2485,1
2486,6
2487,2
2488,5
2489,6
2490,2
2491,0
2492,0
2493,8
2494,1
2495,5
2496,8
2497,9
2498,0
2499,3
2500,2
2501,6
2502,4
2503,8
2504,8
2505,1
2506,9
2507,3
2508,0
2509,6
2510,0
2511,4
2512,1
2513,6
2514,2
2515,9
2516,4
2517,5
2518,9
2519,7
2520,4
2521,1
2522,8
2523,0
2524,4
2525,3
2526,0
2527,2
2528,8
2529,9
2530,3
2531,6
2532,3
2533,1
2534,6
2535,9
2536,4
2537,5
2538,1
2539,5
2540,9
2541,5
2542,1
2543,8
2544,3
2545,2
2546,4
2547,8
2548,6
2549,0
2550,6
2551,4
2552,3
2553,9
2554,8
2555,7
2556,7
2557,6
2558,5
2559,6
2560,7
2561,7
2562,6
2563,2
2564,2
2565,2
2566,5
2567,2
2568,7
2569,9
2570,0
2571,3
2572,9
2573,6
2574,5
2575,8
2576,4
2577,2
2578,4
2579,8
2580,8
2581,3
2582,4
2583,5
2584,7
2585,6
2586,3
2587,7
2588,0
2589,4
2590,0
2591,8
2592,8
2593,4
2594,8
2595,0
2596,2
2597,0
2598,5
2599,3
2600,6
2601,8
2602,1
2603,6
2604,0
2605,9
2606,7
2607,3
2608,1
2609,4
2610,3
2611,2
2612,4
2613,7
2614,6
2615,0
2616,7
2617,1
2618,3
2619,3
2620,3
2621,1
2622,8
2623,0
2624,4
2625,0
2626,2
2627,7
2628,7
2629,8
2630,6
2631,6
2632,4
2633,5
2634,3
2635,9
2636,6
2637,1
2638,6
2639,4
2640,6
2641,7
2642,6
2643,2
2644,7
2645,8
2646,1
2647,3
2648,8
2649,4
2650,6
2651,7
2652,8
2653,7
2654,2
2655,5
2656,4
2657,9
2658,5
2659,7
2660,2
2661,5
2662,3
2663,6
2664,7
2665,4
2666,1
2667,6
2668,1
2669,0
2670,6
2671,9
2672,6
2673,9
2674,6
2675,0
2676,6
2677,4
2678,7
2679,0
2680,0
2681,0
2682,0
2683,7
2684,5
2685,3
2686,2
2687,7
2688,8
2689,3
2690,5
2691,2
2692,2
2693,1
2694,9
2695,1
2696,2
2697,2
2698,8
2699,3
2700,4
2701,9
2702,1
2703,6
2704,0
2705,8
2706,8
2707,3
2708,6
2709,4
2710,2
2711,7
2712,3
2713,1
2714,8
2715,0
2716,0
2717,5
2718,0
2719,5
2720,3
2721,3
2722,8
2723,5
2724,2
2725,0
2726,0
2727,5
2728,8
2729,5
2730,3
2731,6
2732,5
2733,7
2734,3
2735,7
2736,3
2737,8
2738,9
2739,4
2740,2
2741,7
2742,6
2743,5
2744,9
2745,9
2746,8
2747,7
2748,8
2749,1
2750,0
2751,5
2752,5
2753,3
2754,7
2755,1
2756,7
2757,0
2758,9
2759,1
2760,3
2761,4
2762,9
2763,2
2764,4
2765,1
2766,9
2767,4
2768,0
2769,5
2770,2
2771,0
2772,5
2773,6
2774,1
2775,2
2776,3
2777,7
2778,5
2779,4
2780,5
2781,7
2782,7
2783,0
2784,0
2785,1
2786,3
2787,4
2788,3
2789,3
2790,1
2791,8
2792,7
2793,0
2794,9
2795,0
2796,9
2797,7
2798,6
2799,3
2800,8
2801,4
2802,5
2803,6
2804,5
2805,5
2806,4
2807,2
2808,6
2809,2
2810,3
2811,9
2812,7
2813,0
2814,1
2815,9
2816,3
2817,7
2818,9
2819,4
2820,1
2821,6
2822,3
2823,5
2824,3
2825,7
2826,2
2827,4
2828,5
2829,2
2830,9
2831,6
2832,9
2833,3
2834,0
2835,4
2836,1
2837,3
2838,8
2839,1
2840,2
2841,2
2842,2
2843,7
2844,0
2845,2
2846,5
2847,6
2848,0
2849,6
2850,3
2851,5
2852,4
2853,4
2854,9
2855,9
2856,2
2857,2
2858,0
2859,4
2860,2
2861,5
2862,3
2863,6
2864,6
2865,5
2866,6
2867,9
2868,3
2869,6
2870,0
2871,8
2872,3
2873,1
2874,9
2875,0
2876,1
2877,8
2878,0
2879,3
2880,1
2881,4
2882,0
2883,7
2884,2
2885,3
2886,5
2887,6
2888,9
2889,5
2890,5
2891,5
2892,7
2893,0
2894,8
2895,6
2896,3
2897,8
2898,3
2899,6
2900,9
2901,7
2902,2
2903,9
2904,7
2905,7
2906,7
2907,1
2908,9
2909,7
2910,0
2911,8
2912,1
2913,3
2914,0
2915,6
2916,5
2917,1
2918,4
2919,2
2920,8
2921,2
2922,8
2923,3
2924,5
2925,1
2926,4
2927,9
2928,8
2929,1
2930,1
2931,3
2932,9
2933,9
2934,4
2935,6
2936,8
2937,5
2938,3
2939,2
2940,2
2941,0
2942,8
2943,5
2944,1
2945,9
2946,7
2947,9
2948,1
2949,7
2950,3
2951,1
2952,0
2953,5
2954,8
2955,9
2956,3
2957,0
2958,8
2959,8
2960,2
2961,0
2962,7
2963,8
2964,3
2965,0
2966,7
2967,0
2968,0
2969,0
2970,5
2971,5
2972,4
2973,3
2974,0
2975,9
2976,9
2977,0
2978,3
2979,2
2980,0
2981,8
2982,4
2983,4
2984,5
2985,2
2986,0
2987,8
2988,1
2989,5
2990,6
2991,5
2992,5
2993,4
2994,0
2995,8
2996,4
2997,0
2998,3
2999,5
3000,6
3001,5
3002,1
3003,7
3004,2
3005,4
3006,7
3007,5
3008,6
3009,8
3010,7
3011,6
3012,3
3013,1
3014,3
3015,6
3016,6
3017,2
3018,5
3019,3
3020,5
3021,1
3022,8
3023,7
3024,3
3025,0
3026,4
3027,4
3028,1
3029,1
3030,1
3031,6
3032,5
3033,2
3034,9
3035,2
3036,3
3037,0
3038,8
3039,0
3040,1
3041,7
3042,4
3043,8
3044,9
3045,7
3046,5
3047,8
3048,3
3049,0
3050,3
3051,0
3052,8
3053,2
3054,3
3055,4
3056,9
3057,6
3058,6
3059,1
3060,3
3061,7
3062,2
3063,9
3064,2
3065,1
3066,3
3067,1
3068,5
3069,0
3070,5
3071,0
3072,5
3073,1
3074,3
3075,1
3076,3
3077,2
3078,1
3079,8
3080,8
3081,0
3082,9
3083,7
3084,3
3085,3
3086,2
3087,9
3088,0
3089,6
3090,8
3091,4
3092,0
3093,3
3094,7
3095,0
3096,5
3097,7
3098,0
3099,4
3100,9
3101,0
3102,7
3103,0
3104,2
3105,7
3106,5
3107,8
3108,3
3109,8
3110,8
3111,5
3112,0
3113,8
3114,2
3115,2
3116,3
3117,7
3118,9
3119,6
3120,4
3121,2
3122,9
3123,1
3124,8
3125,6
3126,3
3127,9
3128,6
3129,9
3130,5
3131,3
3132,5
3133,5
3134,9
3135,7
3136,7
3137,4
3138,5
3139,8
3140,2
3141,8
3142,9
3143,5
3144,3
3145,1
3146,9
3147,6
3148,2
3149,0
3150,1
3151,9
3152,8
3153,1
3154,1
3155,0
3156,8
3157,9
3158,9
3159,8
3160,2
3161,2
3162,9
3163,1
3164,9
3165,0
3166,1
3167,9
3168,9
3169,8
3170,9
3171,9
3172,1
3173,9
3174,9
3175,2
3176,1
3177,7
3178,0
3179,5
3180,6
3181,2
3182,9
3183,8
3184,3
3185,8
3186,6
3187,7
3188,7
3189,4
3190,8
3191,5
3192,0
3193,2
3194,4
3195,3
3196,3
3197,7
3198,6
3199,6
3200,6
3201,5
3202,5
3203,3
3204,4
3205,3
3206,8
3207,2
3208,9
3209,9
3210,2
3211,9
3212,1
3213,6
3214,9
3215,6
3216,1
3217,7
3218,7
3219,2
3220,0
3221,1
3222,5
3223,7
3224,7
3225,6
3226,9
3227,8
3228,4
3229,3
3230,9
3231,5
3232,2
3233,7
3234,8
3235,3
3236,5
3237,3
3238,9
3239,6
3240,1
3241,6
3242,7
3243,6
3244,8
3245,7
3246,7
3247,8
3248,3
3249,0
3250,3
3251,2
3252,5
3253,4
3254,9
3255,2
3256,5
3257,4
3258,7
3259,2
3260,3
3261,7
3262,0
3263,3
3264,3
3265,0
3266,8
3267,7
3268,3
3269,5
3270,7
3271,8
3272,6
3273,7
3274,8
3275,9
3276,7
3277,7
3278,7
3279,0
3280,0
3281,5
3282,2
3283,9
3284,5
3285,4
3286,9
3287,6
3288,7
3289,9
3290,8
3291,5
3292,5
3293,4
3294,1
3295,0
3296,9
3297,4
3298,3
3299,5
3300,0
3301,4
3302,8
3303,8
3304,8
3305,2
3306,9
3307,4
3308,9
3309,5
3310,4
3311,6
3312,5
3313,9
3314,2
3315,9
3316,3
3317,7
3318,7
3319,9
3320,2
3321,3
3322,0
3323,5
3324,5
3325,6
3326,8
3327,4
3328,5
3329,0
3330,2
3331,7
3332,8
3333,7
3334,2
3335,3
3336,0
3337,9
3338,7
3339,7
3340,5
3341,6
3342,1
3343,0
3344,5
3345,9
3346,7
3347,2
3348,9
3349,1
3350,6
3351,8
3352,1
3353,2
3354,3
3355,0
3356,6
3357,4
3358,8
3359,9
3360,6
3361,6
3362,4
3363,1
3364,6
3365,4
3366,9
3367,8
3368,7
3369,9
3370,3
3371,1
3372,5
3373,1
3374,0
3375,6
3376,6
3377,5
3378,9
3379,4
3380,3
3381,8
3382,5
3383,4
3384,8
3385,5
3386,8
3387,2
3388,6
3389,6
3390,1
3391,5
3392,3
3393,0
3394,5
3395,1
3396,9
3397,0
3398,9
3399,2
3400,0
3401,0
3402,2
3403,4
3404,8
3405,5
3406,7
3407,6
3408,1
3409,2
3410,9
3411,4
3412,3
3413,0
3414,0
3415,2
3416,3
3417,4
3418,7
3419,1
3420,4
3421,5
3422,0
3423,5
3424,8
3425,5
3426,0
3427,2
3428,3
3429,3
3430,4
3431,0
3432,4
3433,5
3434,5
3435,5
3436,6
3437,4
3438,7
3439,1
3440,6
3441,3
3442,0
3443,6
3444,2
3445,2
3446,0
3447,3
3448,4
3449,5
3450,1
3451,1
3452,5
3453,5
3454,2
3455,2
3456,3
3457,3
3458,4
3459,5
3460,1
3461,9
3462,7
3463,2
3464,6
3465,9
3466,6
3467,5
3468,1
3469,2
3470,9
3471,3
3472,1
3473,7
3474,2
3475,2
3476,0
3477,8
3478,3
3479,4
3480,5
3481,2
3482,7
3483,7
3484,0
3485,4
3486,0
3487,6
3488,5
3489,1
3490,3
3491,0
3492,5
3493,9
3494,0
3495,9
3496,0
3497,0
3498,1
3499,8
3500,0
3501,9
3502,9
3503,3
3504,5
3505,9
3506,4
3507,2
3508,4
3509,5
3510,3
3511,4
3512,0
3513,4
3514,2
3515,5
3516,8
3517,9
3518,1
3519,3
3520,2
3521,1
3522,8
3523,2
3524,6
3525,4
3526,4
3527,4
3528,1
3529,0
3530,3
3531,6
3532,9
3533,5
3534,2
3535,0
3536,5
3537,0
3538,8
3539,2
3540,3
3541,6
3542,2
3543,9
3544,6
3545,1
3546,4
3547,5
3548,9
3549,0
3550,9
3551,4
3552,0
3553,8
3554,1
3555,1
3556,6
3557,6
3558,6
3559,5
3560,7
3561,9
3562,5
3563,0
3564,6
3565,9
3566,1
3567,7
3568,6
3569,0
3570,6
3571,3
3572,3
3573,6
3574,0
3575,2
3576,5
3577,4
3578,1
3579,7
3580,1
3581,4
3582,4
3583,6
3584,1
3585,3
3586,8
3587,8
3588,6
3589,6
3590,7
3591,7
3592,6
3593,7
3594,5
3595,5
3596,2
3597,6
3598,6
3599,2
3600,7
3601,2
3602,3
3603,3
3604,3
3605,2
3606,6
3607,3
3608,0
3609,9
3610,9
3611,6
3612,1
3613,1
3614,7
3615,5
3616,2
3617,4
3618,3
3619,2
3620,1
3621,6
3622,4
3623,3
3624,3
3625,5
3626,0
3627,9
3628,6
3629,3
3630,2
3631,0
3632,8
3633,1
3634,3
3635,5
3636,4
3637,2
3638,6
3639,1
3640,7
3641,2
3642,8
3643,1
3644,8
3645,9
3646,9
3647,3
3648,1
3649,7
3650,3
3651,4
3652,9
3653,2
3654,9
3655,5
3656,9
3657,3
3658,7
3659,4
3660,6
3661,0
3662,1
3663,6
3664,1
3665,6
3666,5
3667,5
3668,5
3669,2
3670,4
3671,9
3672,4
3673,0
3674,7
3675,3
3676,7
3677,1
3678,5
3679,1
3680,0
3681,0
3682,2
3683,3
3684,8
3685,9
3686,2
3687,8
3688,9
3689,7
3690,7
3691,1
3692,1
3693,6
3694,8
3695,2
3696,8
3697,2
3698,2
3699,8
3700,9
3701,5
3702,1
3703,1
3704,6
3705,2
3706,8
3707,4
3708,6
3709,6
3710,7
3711,4
3712,2
3713,2
3714,2
3715,5
3716,1
3717,6
3718,6
3719,8
3720,5
3721,2
3722,2
3723,7
3724,1
3725,6
3726,2
3727,3
3728,9
3729,2
3730,8
3731,1
3732,6
3733,9
3734,8
3735,5
3736,5
3737,3
3738,2
3739,9
3740,7
3741,0
3742,2
3743,9
3744,3
3745,4
3746,1
3747,6
3748,9
3749,5
3750,8
3751,9
3752,7
3753,3
3754,6
3755,1
3756,8
3757,5
3758,7
3759,5
3760,4
3761,7
3762,8
3763,8
3764,8
3765,1
3766,0
3767,7
3768,6
3769,1
3770,9
3771,9
3772,0
3773,1
3774,5
3775,3
3776,6
3777,9
3778,7
3779,4
3780,0
3781,2
3782,5
3783,0
3784,5
3785,5
3786,6
3787,7
3788,6
3789,7
3790,3
3791,4
3792,2
3793,0
3794,5
3795,1
3796,7
3797,3
3798,6
3799,5
3800,7
3801,9
3802,2
3803,9
3804,8
3805,5
3806,9
3807,4
3808,8
3809,6
3810,4
3811,3
3812,7
3813,9
3814,8
3815,1
3816,2
3817,5
3818,8
3819,9
3820,9
3821,2
3822,3
3823,4
3824,8
3825,3
3826,0
3827,1
3828,4
3829,7
3830,0
3831,5
3832,5
3833,7
3834,9
3835,8
3836,3
3837,7
3838,9
3839,1
3840,5
3841,3
3842,1
3843,8
3844,4
3845,3
3846,0
3847,9
3848,9
3849,8
3850,4
3851,9
3852,2
3853,2
3854,3
3855,8
3856,1
3857,9
3858,8
3859,8
3860,3
3861,7
3862,6
3863,4
3864,2
3865,9
3866,7
3867,0
3868,3
3869,5
3870,8
3871,8
3872,8
3873,5
3874,9
3875,6
3876,0
3877,7
3878,4
3879,5
3880,0
3881,6
3882,7
3883,1
3884,7
3885,3
3886,6
3887,8
3888,3
3889,6
3890,6
3891,7
3892,1
3893,3
3894,9
3895,7
3896,1
3897,7
3898,0
3899,9
3900,6
3901,6
3902,3
3903,1
3904,0
3905,1
3906,2
3907,5
3908,0
3909,2
3910,5
3911,0
3912,9
3913,8
3914,7
3915,4
3916,4
3917,9
3918,7
3919,6
3920,7
3921,5
3922,1
3923,2
3924,3
3925,3
3926,1
3927,9
3928,6
3929,2
3930,3
3931,1
3932,5
3933,6
3934,2
3935,6
3936,7
3937,6
3938,8
3939,8
3940,9
3941,3
3942,6
3943,9
3944,0
3945,7
3946,5
3947,8
3948,2
3949,1
3950,0
3951,8
3952,1
3953,4
3954,4
3955,5
3956,0
3957,3
3958,0
3959,9
3960,5
3961,2
3962,8
3963,4
3964,5
3965,9
3966,0
3967,2
3968,4
3969,8
3970,2
3971,9
3972,0
3973,7
3974,9
3975,8
3976,7
3977,9
3978,6
3979,2
3980,9
3981,2
3982,3
3983,9
3984,9
3985,6
3986,7
3987,7
3988,1
3989,1
3990,2
3991,4
3992,2
3993,0
3994,6
3995,8
3996,3
3997,6
3998,2
3999,3
4000,8
4001,0
4002,4
4003,7
4004,8
4005,2
4006,3
4007,8
4008,6
4009,8
4010,2
4011,7
4012,7
4013,7
4014,4
4015,8
4016,1
4017,6
4018,5
4019,9
4020,4
4021,8
4022,9
4023,6
4024,5
4025,8
4026,1
4027,9
4028,4
4029,0
4030,4
4031,1
4032,4
4033,3
4034,6
4035,2
4036,2
4037,0
4038,0
4039,1
4040,7
4041,0
4042,7
4043,2
4044,3
4045,2
4046,7
4047,7
4048,4
4049,5
4050,4
4051,3
4052,5
4053,5
4054,4
4055,8
4056,4
4057,0
4058,7
4059,3
4060,1
4061,6
4062,5
4063,0
4064,4
4065,7
4066,4
4067,6
4068,1
4069,8
4070,5
4071,9
4072,2
4073,3
4074,6
4075,2
4076,5
4077,7
4078,3
4079,5
4080,8
4081,1
4082,9
4083,6
4084,8
4085,7
4086,8
4087,8
4088,5
4089,7
4090,8
4091,4
4092,9
4093,7
4094,3
4095,5
4096,2
4097,8
4098,7
4099,9
4100,4
4101,7
4102,2
4103,0
4104,8
4105,5
4106,7
4107,8
4108,7
4109,2
4110,5
4111,2
4112,2
4113,5
4114,0
4115,4
4116,8
4117,2
4118,4
4119,0
4120,6
4121,0
4122,3
4123,6
4124,0
4125,8
4126,0
4127,2
4128,6
4129,1
4130,1
4131,6
4132,1
4133,4
4134,8
4135,9
4136,5
4137,2
4138,5
4139,4
4140,8
4141,5
4142,8
4143,8
4144,5
4145,1
4146,8
4147,4
4148,5
4149,3
4150,9
4151,6
4152,6
4153,1
4154,0
4155,7
4156,6
4157,3
4158,5
4159,7
4160,4
4161,3
4162,6
4163,0
4164,6
4165,1
4166,9
4167,1
4168,0
4169,9
4170,3
4171,1
4172,0
4173,5
4174,5
4175,2
4176,7
4177,3
4178,6
4179,7
4180,6
4181,0
4182,0
4183,5
4184,7
4185,4
4186,7
4187,7
4188,0
4189,6
4190,1
4191,7
4192,9
4193,0
4194,9
4195,0
4196,3
4197,8
4198,4
4199,0
4200,8
4201,4
4202,1
4203,0
4204,2
4205,6
4206,4
4207,9
4208,1
4209,2
4210,7
4211,9
4212,4
4213,1
4214,4
4215,7
4216,1
4217,0
4218,0
4219,9
4220,0
4221,0
4222,2
4223,8
4224,8
4225,5
4226,9
4227,8
4228,4
4229,0
4230,8
4231,2
4232,2
4233,5
4234,9
4235,2
4236,9
4237,1
4238,1
4239,3
4240,4
4241,7
4242,3
4243,0
4244,6
4245,7
4246,1
4247,5
4248,5
4249,7
4250,4
4251,1
4252,0
4253,9
4254,9
4255,8
4256,7
4257,8
4258,6
4259,8
4260,5
4261,8
4262,9
4263,6
4264,6
4265,4
4266,6
4267,3
4268,7
4269,3
4270,0
4271,0
4272,1
4273,7
4274,6
4275,1
4276,2
4277,1
4278,3
4279,1
4280,6
4281,0
4282,2
4283,3
4284,6
4285,9
4286,6
4287,0
4288,6
4289,1
4290,7
4291,2
4292,6
4293,1
4294,9
4295,0
4296,0
4297,8
4298,9
4299,9
4300,8
4301,8
4302,3
4303,2
4304,5
4305,6
4306,0
4307,3
4308,2
4309,0
4310,5
4311,4
4312,7
4313,5
4314,6
4315,1
4316,2
4317,8
4318,8
4319,1
4320,2
4321,0
4322,5
4323,4
4324,5
4325,9
4326,6
4327,7
4328,1
4329,0
4330,6
4331,9
4332,6
4333,2
4334,7
4335,3
4336,9
4337,9
4338,1
4339,9
4340,7
4341,0
4342,1
4343,3
4344,4
4345,4
4346,6
4347,3
4348,8
4349,8
4350,0
4351,4
4352,8
4353,4
4354,6
4355,2
4356,3
4357,0
4358,4
4359,5
4360,2
4361,6
4362,8
4363,4
4364,9
4365,9
4366,9
4367,6
4368,0
4369,2
4370,2
4371,8
4372,1
4373,1
4374,0
4375,0
4376,3
4377,4
4378,4
4379,1
4380,1
4381,9
4382,7
4383,7
4384,6
4385,6
4386,8
4387,2
4388,0
4389,0
4390,8
4391,5
4392,8
4393,5
4394,3
4395,3
4396,7
4397,9
4398,8
4399,2
4400,4
4401,3
4402,1
4403,4
4404,6
4405,4
4406,6
4407,5
4408,3
4409,1
4410,1
4411,9
4412,3
4413,7
4414,6
4415,3
4416,1
4417,2
4418,9
4419,9
4420,0
4421,5
4422,7
4423,3
4424,2
4425,1
4426,1
4427,0
4428,2
4429,8
4430,2
4431,1
4432,1
4433,7
4434,5
4435,2
4436,3
4437,4
4438,1
4439,2
4440,9
4441,2
4442,1
4443,3
4444,4
4445,8
4446,9
4447,0
4448,8
4449,4
4450,1
4451,0
4452,2
4453,2
4454,0
4455,6
4456,0
4457,7
4458,3
4459,3
4460,8
4461,9
4462,0
4463,5
4464,5
4465,3
4466,6
4467,1
4468,3
4469,9
4470,3
4471,0
4472,5
4473,4
4474,4
4475,1
4476,9
4477,3
4478,6
4479,1
4480,4
4481,9
4482,8
4483,5
4484,6
4485,4
4486,3
4487,8
4488,3
4489,4
4490,7
4491,0
4492,2
4493,8
4494,4
4495,8
4496,5
4497,8
4498,8
4499,8
4500,2
4501,3
4502,5
4503,7
4504,4
4505,2
4506,4
4507,1
4508,3
4509,0
4510,7
4511,0
4512,6
4513,8
4514,3
4515,9
4516,0
4517,1
4518,0
4519,9
4520,6
4521,3
4522,9
4523,2
4524,2
4525,4
4526,1
4527,6
4528,5
4529,4
4530,3
4531,5
4532,1
4533,1
4534,1
4535,2
4536,6
4537,9
4538,3
4539,2
4540,8
4541,9
4542,2
4543,6
4544,1
4545,7
4546,4
4547,0
4548,5
4549,8
4550,1
4551,0
4552,6
4553,3
4554,3
4555,4
4556,7
4557,2
4558,9
4559,0
4560,3
4561,1
4562,3
4563,2
4564,5
4565,4
4566,7
4567,8
4568,4
4569,8
4570,9
4571,9
4572,4
4573,6
4574,6
4575,2
4576,6
4577,4
4578,6
4579,4
4580,6
4581,6
4582,2
4583,1
4584,7
4585,4
4586,8
4587,2
4588,5
4589,0
4590,3
4591,2
4592,0
4593,7
4594,3
4595,1
4596,9
4597,4
4598,9
4599,1
4600,0
4601,4
4602,2
4603,1
4604,3
4605,4
4606,4
4607,6
4608,0
4609,4
4610,8
4611,6
4612,1
4613,7
4614,1
4615,3
4616,4
4617,4
4618,3
4619,6
4620,9
4621,7
4622,8
4623,2
4624,5
4625,3
4626,4
4627,7
4628,4
4629,5
4630,7
4631,4
4632,5
4633,3
4634,1
4635,0
4636,7
4637,8
4638,3
4639,4
4640,0
4641,2
4642,5
4643,2
4644,3
4645,0
4646,4
4647,5
4648,1
4649,6
4650,8
4651,6
4652,8
4653,3
4654,2
4655,7
4656,5
4657,9
4658,7
4659,9
4660,7
4661,7
4662,3
4663,6
4664,1
4665,7
4666,3
4667,0
4668,0
4669,6
4670,6
4671,8
4672,6
4673,6
4674,0
4675,3
4676,4
4677,7
4678,4
4679,9
4680,4
4681,9
4682,1
4683,5
4684,4
4685,1
4686,4
4687,8
4688,3
4689,7
4690,1
4691,2
4692,6
4693,0
4694,6
4695,0
4696,8
4697,3
4698,5
4699,6
4700,5
4701,6
4702,0
4703,6
4704,1
4705,9
4706,4
4707,2
4708,7
4709,3
4710,9
4711,3
4712,9
4713,4
4714,1
4715,6
4716,9
4717,9
4718,3
4719,3
4720,9
4721,8
4722,9
4723,2
4724,9
4725,7
4726,9
4727,0
4728,9
4729,7
4730,4
4731,2
4732,4
4733,6
4734,6
4735,4
4736,8
4737,1
4738,9
4739,2
4740,6
4741,3
4742,1
4743,8
4744,6
4745,0
4746,4
4747,6
4748,5
4749,1
4750,3
4751,9
4752,6
4753,1
4754,7
4755,8
4756,1
4757,6
4758,4
4759,9
4760,0
4761,3
4762,9
4763,1
4764,0
4765,5
4766,3
4767,1
4768,2
4769,9
4770,8
4771,9
4772,0
4773,6
4774,1
4775,6
4776,2
4777,3
4778,5
4779,6
4780,9
4781,8
4782,7
4783,2
4784,2
4785,8
4786,3
4787,3
4788,8
4789,2
4790,9
4791,1
4792,9
4793,0
4794,6
4795,2
4796,3
4797,9
4798,5
4799,4
4800,1
4801,9
4802,7
4803,0
4804,0
4805,5
4806,5
4807,1
4808,8
4809,5
4810,0
4811,5
4812,0
4813,0
4814,8
4815,3
4816,9
4817,6
4818,8
4819,3
4820,5
4821,3
4822,6
4823,1
4824,8
4825,0
4826,2
4827,6
4828,9
4829,4
4830,5
4831,3
4832,1
4833,4
4834,6
4835,4
4836,9
4837,9
4838,7
4839,1
4840,7
4841,2
4842,1
4843,0
4844,1
4845,3
4846,3
4847,8
4848,5
4849,1
4850,1
4851,1
4852,9
4853,0
4854,7
4855,0
4856,1
4857,7
4858,6
4859,2
4860,6
4861,3
4862,1
4863,5
4864,9
4865,3
4866,9
4867,9
4868,9
4869,9
4870,8
4871,8
4872,6
4873,9
4874,0
4875,9
4876,1
4877,6
4878,6
4879,4
4880,6
4881,9
4882,8
4883,6
4884,2
4885,6
4886,2
4887,3
4888,5
4889,5
4890,5
4891,1
4892,6
4893,4
4894,1
4895,2
4896,1
4897,7
4898,9
4899,6
4900,2
4901,3
4902,0
4903,4
4904,0
4905,9
4906,7
4907,3
4908,5
4909,0
4910,0
4911,9
4912,8
4913,1
4914,1
4915,3
4916,5
4917,6
4918,1
4919,3
4920,8
4921,7
4922,7
4923,0
4924,7
4925,6
4926,5
4927,5
4928,1
4929,9
4930,9
4931,1
4932,8
4933,9
4934,3
4935,5
4936,3
4937,8
4938,0
4939,3
4940,0
4941,6
4942,6
4943,2
4944,6
4945,8
4946,9
4947,6
4948,3
4949,1
4950,1
4951,2
4952,3
4953,9
4954,0
4955,0
4956,8
4957,5
4958,4
4959,4
4960,7
4961,4
4962,8
4963,8
4964,3
4965,4
4966,4
4967,3
4968,2
4969,0
4970,1
4971,6
4972,9
4973,6
4974,1
4975,7
4976,5
4977,5
4978,9
4979,1
4980,9
4981,0
4982,1
4983,7
4984,6
4985,5
4986,2
4987,1
4988,3
4989,4
4990,6
4991,5
4992,0
4993,1
4994,9
4995,7
4996,3
4997,3
4998,3
4999,6
5000,1
5001,7
5002,6
5003,8
5004,7
5005,4
5006,5
5007,0
5008,3
5009,4
5010,0
5011,7
5012,4
5013,6
5014,2
5015,7
5016,2
5017,6
5018,7
5019,4
5020,1
5021,8
5022,0
5023,2
5024,2
5025,1
5026,5
5027,4
5028,0
5029,9
5030,3
5031,0
5032,7
5033,2
5034,3
5035,0
5036,5
5037,0
5038,0
5039,6
5040,6
5041,9
5042,9
5043,2
5044,7
5045,5
5046,7
5047,3
5048,3
5049,1
5050,7
5051,3
5052,9
5053,6
5054,5
5055,9
5056,0
5057,9
5058,2
5059,9
5060,4
5061,6
5062,1
5063,2
5064,9
5065,5
5066,0
5067,4
5068,1
5069,4
5070,9
5071,7
5072,8
5073,7
5074,8
5075,9
5076,6
5077,5
5078,0
5079,8
5080,1
5081,9
5082,5
5083,5
5084,9
5085,5
5086,6
5087,4
5088,9
5089,3
5090,6
5091,9
5092,0
5093,9
5094,8
5095,9
5096,8
5097,3
5098,3
5099,2
5100,5
5101,3
5102,5
5103,2
5104,4
5105,0
5106,7
5107,7
5108,9
5109,1
5110,9
5111,8
5112,6
5113,7
5114,4
5115,0
5116,5
5117,6
5118,4
5119,2
5120,0
5121,9
5122,6
5123,6
5124,2
5125,0
5126,1
5127,0
5128,1
5129,3
5130,6
5131,2
5132,6
5133,0
5134,2
5135,4
5136,1
5137,9
5138,9
5139,8
5140,6
5141,8
5142,2
5143,8
5144,9
5145,9
5146,4
5147,0
5148,3
5149,3
5150,6
5151,4
5152,3
5153,9
5154,7
5155,6
5156,5
5157,3
5158,6
5159,4
5160,6
5161,0
5162,3
5163,5
5164,3
5165,0
5166,4
5167,3
5168,2
5169,7
5170,2
5171,9
5172,2
5173,6
5174,0
5175,6
5176,6
5177,5
5178,6
5179,5
5180,5
5181,9
5182,1
5183,2
5184,3
5185,3
5186,9
5187,5
5188,4
5189,8
5190,0
5191,0
5192,3
5193,9
5194,2
5195,2
5196,4
5197,2
5198,8
5199,0
5200,6
5201,3
5202,1
5203,9
5204,6
5205,3
5206,8
5207,0
5208,8
5209,4
5210,7
5211,5
5212,9
5213,5
5214,1
5215,1
5216,2
5217,6
5218,1
5219,5
5220,2
5221,0
5222,7
5223,5
5224,8
5225,9
5226,0
5227,1
5228,6
5229,3
5230,3
5231,8
5232,3
5233,3
5234,1
5235,3
5236,6
5237,8
5238,4
5239,2
5240,4
5241,1
5242,6
5243,0
5244,1
5245,2
5246,1
5247,5
5248,7
5249,9
5250,8
5251,7
5252,5
5253,4
5254,0
5255,9
5256,0
5257,0
5258,8
5259,2
5260,0
5261,0
5262,4
5263,4
5264,8
5265,6
5266,2
5267,7
5268,6
5269,0
5270,5
5271,1
5272,5
5273,3
5274,5
5275,6
5276,2
5277,9
5278,8
5279,0
5280,0
5281,7
5282,6
5283,4
5284,4
5285,6
5286,1
5287,6
5288,3
5289,4
5290,5
5291,7
5292,9
5293,7
5294,0
5295,8
5296,0
5297,4
5298,6
5299,2
5300,7
5301,9
5302,7
5303,0
5304,5
5305,7
5306,7
5307,3
5308,1
5309,9
5310,6
5311,2
5312,7
5313,5
5314,3
5315,7
5316,9
5317,4
5318,4
5319,0
5320,7
5321,6
5322,1
5323,4
5324,1
5325,2
5326,8
5327,7
5328,4
5329,9
5330,8
5331,3
5332,2
5333,9
5334,7
5335,6
5336,1
5337,8
5338,5
5339,1
5340,9
5341,2
5342,6
5343,5
5344,5
5345,6
5346,4
5347,3
5348,1
5349,1
5350,3
5351,9
5352,3
5353,5
5354,1
5355,8
5356,8
5357,7
5358,8
5359,1
5360,6
5361,9
5362,1
5363,2
5364,7
5365,7
5366,8
5367,8
5368,3
5369,3
5370,4
5371,6
5372,7
5373,8
5374,1
5375,8
5376,1
5377,5
5378,3
5379,3
5380,4
5381,1
5382,3
5383,0
5384,8
5385,6
5386,3
5387,1
5388,4
5389,4
5390,4
5391,1
5392,9
5393,0
5394,2
5395,1
5396,0
5397,9
5398,9
5399,6
5400,6
5401,0
5402,2
5403,4
5404,7
5405,6
5406,0
5407,7
5408,7
5409,1
5410,1
5411,5
5412,2
5413,6
5414,3
5415,4
5416,4
5417,9
5418,7
5419,8
5420,6
5421,6
5422,6
5423,1
5424,6
5425,3
5426,6
5427,3
5428,8
5429,4
5430,6
5431,7
5432,1
5433,9
5434,5
5435,6
5436,7
5437,6
5438,0
5439,4
5440,1
5441,9
5442,5
5443,2
5444,6
5445,9
5446,7
5447,0
5448,5
5449,9
5450,1
5451,3
5452,6
5453,0
5454,2
5455,2
5456,1
5457,1
5458,8
5459,6
5460,3
5461,8
5462,0
5463,0
5464,5
5465,7
5466,4
5467,8
5468,5
5469,1
5470,3
5471,1
5472,6
5473,1
5474,5
5475,1
5476,0
5477,6
5478,2
5479,3
5480,6
5481,1
5482,7
5483,5
5484,9
5485,9
5486,8
5487,3
5488,9
5489,9
5490,7
5491,5
5492,0
5493,2
5494,5
5495,9
5496,4
5497,4
5498,6
5499,9
5500,6
5501,1
5502,6
5503,6
5504,8
5505,2
5506,4
5507,4
5508,6
5509,7
5510,7
5511,6
5512,6
5513,9
5514,6
5515,2
5516,4
5517,0
5518,1
5519,3
5520,6
5521,4
5522,9
5523,2
5524,6
5525,0
5526,7
5527,8
5528,7
5529,5
5530,9
5531,5
5532,8
5533,3
5534,2
5535,4
5536,3
5537,6
5538,5
5539,7
5540,6
5541,5
5542,7
5543,9
5544,0
5545,3
5546,6
5547,7
5548,8
5549,0
5550,5
5551,5
5552,1
5553,3
5554,5
5555,9
5556,6
5557,3
5558,2
5559,4
5560,2
5561,3
5562,6
5563,4
5564,9
5565,6
5566,3
5567,1
5568,6
5569,7
5570,1
5571,5
5572,7
5573,1
5574,7
5575,7
5576,3
5577,3
5578,2
5579,2
5580,9
5581,3
5582,3
5583,3
5584,0
5585,0
5586,0
5587,8
5588,0
5589,3
5590,2
5591,4
5592,3
5593,5
5594,7
5595,9
5596,6
5597,9
5598,8
5599,1
5600,2
5601,6
5602,2
5603,4
5604,5
5605,1
5606,3
5607,9
5608,2
5609,9
5610,7
5611,8
5612,7
5613,8
5614,5
5615,8
5616,5
5617,6
5618,5
5619,0
5620,8
5621,5
5622,1
5623,1
5624,8
5625,1
5626,5
5627,0
5628,9
5629,1
5630,2
5631,0
5632,6
5633,3
5634,7
5635,5
5636,7
5637,4
5638,7
5639,2
5640,7
5641,5
5642,4
5643,7
5644,5
5645,7
5646,5
5647,2
5648,3
5649,2
5650,0
5651,5
5652,4
5653,0
5654,5
5655,4
5656,3
5657,0
5658,2
5659,4
5660,7
5661,9
5662,7
5663,8
5664,8
5665,6
5666,2
5667,6
5668,1
5669,7
5670,1
5671,4
5672,3
5673,8
5674,5
5675,9
5676,2
5677,6
5678,7
5679,3
5680,0
5681,5
5682,3
5683,5
5684,6
5685,4
5686,1
5687,6
5688,2
5689,8
5690,3
5691,7
5692,2
5693,5
5694,7
5695,5
5696,7
5697,7
5698,1
5699,7
5700,4
5701,3
5702,3
5703,4
5704,1
5705,4
5706,2
5707,7
5708,0
5709,5
5710,2
5711,3
5712,6
5713,2
5714,5
5715,6
5716,5
5717,0
5718,6
5719,1
5720,2
5721,9
5722,0
5723,2
5724,1
5725,5
5726,5
5727,1
5728,6
5729,7
5730,1
5731,9
5732,6
5733,3
5734,3
5735,4
5736,0
5737,7
5738,9
5739,6
5740,6
5741,6
5742,0
5743,6
5744,6
5745,2
5746,3
5747,7
5748,8
5749,8
5750,3
5751,6
5752,6
5753,2
5754,3
5755,5
5756,3
5757,4
5758,7
5759,8
5760,9
5761,2
5762,6
5763,0
5764,1
5765,7
5766,9
5767,8
5768,7
5769,7
5770,6
5771,8
5772,2
5773,9
5774,3
5775,3
5776,7
5777,5
5778,8
5779,7
5780,9
5781,7
5782,0
5783,7
5784,9
5785,6
5786,2
5787,4
5788,9
5789,0
5790,2
5791,9
5792,8
5793,6
5794,8
5795,1
5796,7
5797,5
5798,2
5799,0
5800,1
5801,4
5802,9
5803,6
5804,1
5805,0
5806,1
5807,8
5808,6
5809,9
5810,0
5811,5
5812,7
5813,3
5814,4
5815,8
5816,3
5817,5
5818,4
5819,7
5820,1
5821,5
5822,8
5823,5
5824,3
5825,7
5826,6
5827,2
5828,0
5829,5
5830,4
5831,3
5832,2
5833,9
5834,3
5835,5
5836,2
5837,8
5838,2
5839,1
5840,6
5841,2
5842,2
5843,7
5844,6
5845,0
5846,5
5847,5
5848,8
5849,1
5850,8
5851,2
5852,9
5853,6
5854,3
5855,7
5856,2
5857,5
5858,8
5859,7
5860,2
5861,0
5862,1
5863,2
5864,4
5865,1
5866,6
5867,4
5868,9
5869,9
5870,5
5871,7
5872,2
5873,2
5874,4
5875,3
5876,9
5877,6
5878,9
5879,2
5880,8
5881,0
5882,5
5883,9
5884,6
5885,4
5886,4
5887,2
5888,1
5889,3
5890,2
5891,3
5892,0
5893,8
5894,0
5895,5
5896,6
5897,1
5898,4
5899,8
5900,1
5901,3
5902,5
5903,9
5904,8
5905,7
5906,1
5907,5
5908,5
5909,2
5910,9
5911,3
5912,6
5913,4
5914,7
5915,8
5916,5
5917,9
5918,2
5919,1
5920,2
5921,8
5922,7
5923,6
5924,0
5925,4
5926,7
5927,0
5928,2
5929,7
5930,7
5931,7
5932,4
5933,6
5934,2
5935,7
5936,6
5937,6
5938,9
5939,9
5940,9
5941,3
5942,9
5943,4
5944,2
5945,6
5946,0
5947,8
5948,5
5949,0
5950,6
5951,9
5952,0
5953,9
5954,7
5955,8
5956,6
5957,4
5958,4
5959,9
5960,0
5961,2
5962,6
5963,6
5964,9
5965,9
5966,7
5967,9
5968,9
5969,0
5970,5
5971,1
5972,1
5973,0
5974,6
5975,9
5976,8
5977,5
5978,6
5979,3
5980,9
5981,9
5982,7
5983,9
5984,4
5985,5
5986,4
5987,3
5988,5
5989,9
5990,8
5991,8
5992,3
5993,7
5994,8
5995,4
5996,0
5997,4
5998,0
5999,7
6000,8
6001,8
6002,1
6003,2
6004,0
6005,7
6006,4
6007,0
6008,6
6009,6
6010,4
6011,6
6012,5
6013,4
6014,4
6015,5
6016,0
6017,3
6018,9
6019,5
6020,6
6021,6
6022,3
6023,0
6024,3
6025,2
6026,6
6027,3
6028,3
6029,8
6030,0
6031,8
6032,5
6033,4
6034,2
6035,9
6036,3
6037,8
6038,3
6039,4
6040,1
6041,2
6042,9
6043,0
6044,4
6045,7
6046,8
6047,2
6048,0
6049,1
6050,8
6051,0
6052,5
6053,8
6054,4
6055,3
6056,0
6057,4
6058,0
6059,1
6060,9
6061,3
6062,0
6063,4
6064,6
6065,3
6066,5
6067,6
6068,8
6069,2
6070,0
6071,9
6072,7
6073,7
6074,2
6075,4
6076,3
6077,4
6078,0
6079,2
6080,3
6081,1
6082,0
6083,1
6084,8
6085,1
6086,6
6087,9
6088,4
6089,6
6090,4
6091,1
6092,0
6093,3
6094,6
6095,5
6096,9
6097,2
6098,5
6099,6
6100,7
6101,1
6102,9
6103,3
6104,6
6105,1
6106,0
6107,2
6108,9
6109,4
6110,2
6111,9
6112,3
6113,8
6114,5
6115,9
6116,8
6117,5
6118,1
6119,0
6120,1
6121,0
6122,2
6123,3
6124,6
6125,0
6126,8
6127,3
6128,5
6129,0
6130,2
6131,1
6132,6
6133,7
6134,0
6135,8
6136,3
6137,9
6138,2
6139,2
6140,9
6141,9
6142,8
6143,3
6144,9
6145,7
6146,5
6147,9
6148,9
6149,4
6150,7
6151,8
6152,3
6153,6
6154,4
6155,4
6156,8
6157,9
6158,0
6159,0
6160,1
6161,2
6162,6
6163,9
6164,6
6165,7
6166,4
6167,1
6168,9
6169,5
6170,5
6171,2
6172,4
6173,1
6174,1
6175,7
6176,3
6177,9
6178,2
6179,6
6180,8
6181,0
6182,8
6183,1
6184,3
6185,1
6186,5
6187,9
6188,0
6189,8
6190,2
6191,4
6192,0
6193,6
6194,9
6195,1
6196,1
6197,0
6198,9
6199,9
6200,5
6201,8
6202,3
6203,6
6204,2
6205,7
6206,1
6207,2
6208,9
6209,8
6210,7
6211,5
6212,8
6213,7
6214,6
6215,5
6216,2
6217,5
6218,8
6219,6
6220,7
6221,5
6222,8
6223,0
6224,7
6225,5
6226,6
6227,5
6228,5
6229,3
6230,6
6231,2
6232,8
6233,2
6234,7
6235,7
6236,6
6237,1
6238,5
6239,8
6240,6
6241,2
6242,1
6243,0
6244,4
6245,8
6246,5
6247,4
6248,0
6249,0
6250,5
6251,7
6252,9
6253,2
6254,4
6255,4
6256,4
6257,9
6258,1
6259,0
6260,3
6261,8
6262,0
6263,8
6264,0
6265,2
6266,4
6267,7
6268,9
6269,2
6270,7
6271,6
6272,6
6273,3
6274,1
6275,9
6276,9
6277,7
6278,4
6279,3
6280,1
6281,9
6282,1
6283,6
6284,3
6285,0
6286,0
6287,8
6288,5
6289,6
6290,9
6291,9
6292,9
6293,6
6294,3
6295,0
6296,8
6297,8
6298,5
6299,3
6300,3
6301,2
6302,1
6303,7
6304,7
6305,0
6306,5
6307,0
6308,7
6309,4
6310,6
6311,5
6312,3
6313,2
6314,9
6315,6
6316,6
6317,7
6318,9
6319,7
6320,7
6321,0
6322,8
6323,7
6324,2
6325,7
6326,7
6327,7
6328,4
6329,0
6330,1
6331,6
6332,0
6333,5
6334,3
6335,0
6336,0
6337,4
6338,9
6339,5
6340,3
6341,3
6342,0
6343,0
6344,8
6345,2
6346,3
6347,8
6348,0
6349,8
6350,0
6351,0
6352,0
6353,2
6354,0
6355,7
6356,0
6357,7
6358,7
6359,7
6360,2
6361,2
6362,2
6363,4
6364,0
6365,8
6366,6
6367,8
6368,3
6369,7
6370,9
6371,3
6372,9
6373,1
6374,6
6375,9
6376,3
6377,8
6378,9
6379,3
6380,8
6381,5
6382,9
6383,4
6384,2
6385,6
6386,5
6387,8
6388,4
6389,5
6390,5
6391,7
6392,9
6393,3
6394,2
6395,0
6396,8
6397,4
6398,5
6399,6
6400,9
6401,1
6402,5
6403,8
6404,4
6405,7
6406,2
6407,9
6408,6
6409,0
6410,9
6411,1
6412,8
6413,9
6414,6
6415,8
6416,9
6417,7
6418,1
6419,0
6420,1
6421,7
6422,4
6423,5
6424,4
6425,0
6426,8
6427,1
6428,2
6429,2
6430,1
6431,0
6432,1
6433,8
6434,3
6435,8
6436,9
6437,8
6438,0
6439,4
6440,4
6441,5
6442,5
6443,6
6444,6
6445,5
6446,1
6447,5
6448,4
6449,7
6450,8
6451,0
6452,1
6453,4
6454,8
6455,6
6456,6
6457,2
6458,3
6459,2
6460,6
6461,6
6462,4
6463,2
6464,8
6465,1
6466,2
6467,2
6468,6
6469,8
6470,9
6471,1
6472,6
6473,1
6474,9
6475,8
6476,2
6477,0
6478,4
6479,4
6480,4
6481,9
6482,0
6483,7
6484,6
6485,8
6486,9
6487,8
6488,6
6489,0
6490,8
6491,1
6492,0
6493,1
6494,1
6495,0
6496,7
6497,7
6498,7
6499,6
6500,7
6501,7
6502,2
6503,6
6504,6
6505,7
6506,4
6507,5
6508,8
6509,0
6510,9
6511,6
6512,7
6513,2
6514,5
6515,2
6516,2
6517,5
6518,7
6519,6
6520,2
6521,6
6522,4
6523,9
6524,6
6525,8
6526,5
6527,8
6528,5
6529,5
6530,2
6531,3
6532,4
6533,5
6534,9
6535,7
6536,7
6537,1
6538,0
6539,0
6540,7
6541,8
6542,8
6543,1
6544,7
6545,8
6546,8
6547,2
6548,6
6549,0
6550,2
6551,1
6552,4
6553,1
6554,3
6555,5
6556,1
6557,8
6558,9
6559,6
6560,4
6561,6
6562,9
6563,5
6564,6
6565,3
6566,9
6567,1
6568,4
6569,3
6570,9
6571,9
6572,9
6573,4
6574,5
6575,8
6576,5
6577,3
6578,3
6579,6
6580,9
6581,0
6582,9
6583,4
6584,0
6585,5
6586,1
6587,6
6588,3
6589,8
6590,2
6591,3
6592,3
6593,5
6594,2
6595,8
6596,7
6597,5
6598,1
6599,2
6600,6
6601,7
6602,0
6603,8
6604,9
6605,5
6606,6
6607,6
6608,7
6609,2
6610,5
6611,8
6612,8
6613,5
6614,8
6615,5
6616,7
6617,2
6618,4
6619,0
6620,0
6621,5
6622,8
6623,4
6624,0
6625,4
6626,2
6627,0
6628,3
6629,4
6630,0
6631,7
6632,9
6633,5
6634,0
6635,2
6636,6
6637,2
6638,7
6639,1
6640,1
6641,0
6642,8
6643,9
6644,1
6645,0
6646,6
6647,3
6648,3
6649,0
6650,9
6651,0
6652,6
6653,2
6654,0
6655,6
6656,1
6657,7
6658,7
6659,6
6660,9
6661,0
6662,4
6663,6
6664,0
6665,4
6666,5
6667,4
6668,7
6669,6
6670,2
6671,3
6672,5
6673,9
6674,2
6675,4
6676,0
6677,0
6678,3
6679,7
6680,4
6681,3
6682,0
6683,4
6684,5
6685,8
6686,2
6687,9
6688,2
6689,9
6690,1
6691,2
6692,8
6693,6
6694,6
6695,3
6696,4
6697,0
6698,2
6699,6
6700,2
6701,6
6702,1
6703,8
6704,6
6705,9
6706,5
6707,8
6708,2
6709,2
6710,5
6711,3
6712,5
6713,5
6714,2
6715,1
6716,2
6717,8
6718,0
6719,8
6720,2
6721,2
6722,7
6723,3
6724,5
6725,9
6726,8
6727,3
6728,7
6729,1
6730,9
6731,8
6732,6
6733,2
6734,5
6735,8
6736,9
6737,6
6738,8
6739,0
6740,0
6741,2
6742,9
6743,1
6744,8
6745,3
6746,4
6747,5
6748,8
6749,2
6750,9
6751,6
6752,8
6753,9
6754,2
6755,8
6756,9
6757,5
6758,4
6759,8
6760,9
6761,5
6762,7
6763,7
6764,7
6765,0
6766,8
6767,8
6768,1
6769,2
6770,3
6771,1
6772,3
6773,0
6774,6
6775,3
6776,0
6777,8
6778,2
6779,6
6780,1
6781,7
6782,6
6783,5
6784,6
6785,9
6786,6
6787,3
6788,5
6789,1
6790,1
6791,3
6792,7
6793,7
6794,3
6795,8
6796,2
6797,6
6798,0
6799,8
6800,0
6801,6
6802,6
6803,4
6804,6
6805,9
6806,1
6807,1
6808,7
6809,0
6810,6
6811,8
6812,9
6813,0
6814,4
6815,9
6816,0
6817,1
6818,1
6819,7
6820,2
6821,9
6822,0
6823,4
6824,5
6825,0
6826,3
6827,6
6828,2
6829,5
6830,9
6831,9
6832,1
6833,9
6834,3
6835,1
6836,7
6837,4
6838,5
6839,1
6840,0
6841,9
6842,9
6843,5
6844,1
6845,4
6846,4
6847,9
6848,8
6849,9
6850,2
6851,6
6852,0
6853,9
6854,7
6855,2
6856,4
6857,6
6858,2
6859,1
6860,0
6861,0
6862,8
6863,6
6864,6
6865,0
6866,3
6867,4
6868,6
6869,1
6870,1
6871,7
6872,9
6873,6
6874,3
6875,6
6876,5
6877,3
6878,0
6879,5
6880,9
6881,2
6882,0
6883,9
6884,7
6885,0
6886,1
6887,1
6888,9
6889,4
6890,5
6891,5
6892,9
6893,6
6894,3
6895,6
6896,2
6897,6
6898,9
6899,3
6900,8
6901,3
6902,8
6903,4
6904,3
6905,5
6906,4
6907,1
6908,6
6909,6
6910,5
6911,7
6912,6
6913,7
6914,3
6915,0
6916,1
6917,9
6918,6
6919,4
6920,4
6921,2
6922,6
6923,6
6924,8
6925,1
6926,2
6927,7
6928,5
6929,2
6930,5
6931,0
6932,3
6933,9
6934,3
6935,6
6936,4
6937,9
6938,0
6939,6
6940,2
6941,1
6942,3
6943,3
6944,4
6945,5
6946,5
6947,6
6948,8
6949,6
6950,0
6951,0
6952,9
6953,8
6954,0
6955,0
6956,7
6957,6
6958,6
6959,7
6960,7
6961,9
6962,8
6963,7
6964,9
6965,5
6966,3
6967,8
6968,3
6969,0
6970,2
6971,2
6972,9
6973,1
6974,5
6975,1
6976,1
6977,3
6978,7
6979,4
6980,4
6981,1
6982,2
6983,1
6984,9
6985,1
6986,0
6987,5
6988,0
6989,4
6990,3
6991,3
6992,1
6993,4
6994,5
6995,4
6996,8
6997,0
6998,2
6999,8
7000,8
7001,2
7002,1
7003,6
7004,3
7005,0
7006,0
7007,6
7008,1
7009,1
7010,6
7011,0
7012,7
7013,7
7014,1
7015,3
7016,5
7017,3
7018,9
7019,0
7020,2
7021,7
7022,9
7023,5
7024,2
7025,9
7026,6
7027,6
7028,3
7029,9
7030,5
7031,8
7032,0
7033,4
7034,8
7035,0
7036,9
7037,3
7038,7
7039,8
7040,4
7041,4
7042,4
7043,8
7044,6
7045,4
7046,3
7047,9
7048,8
7049,2
7050,2
7051,8
7052,3
7053,1
7054,1
7055,0
7056,0
7057,2
7058,6
7059,9
7060,6
7061,8
7062,5
7063,5
7064,1
7065,5
7066,2
7067,6
7068,9
7069,0
7070,0
7071,7
7072,1
7073,8
7074,9
7075,5
7076,9
7077,9
7078,8
7079,7
7080,7
7081,5
7082,4
7083,2
7084,6
7085,4
7086,5
7087,7
7088,7
7089,8
7090,7
7091,2
7092,3
7093,2
7094,2
7095,4
7096,4
7097,0
7098,3
7099,1
7100,3
7101,9
7102,6
7103,2
7104,0
7105,2
7106,3
7107,8
7108,2
7109,7
7110,4
7111,2
7112,5
7113,0
7114,9
7115,1
7116,0
7117,2
7118,1
7119,5
7120,7
7121,0
7122,9
7123,9
7124,6
7125,3
7126,5
7127,8
7128,8
7129,3
7130,1
7131,6
7132,6
7133,4
7134,9
7135,4
7136,4
7137,1
7138,5
7139,0
7140,0
7141,4
7142,5
7143,8
7144,2
7145,8
7146,3
7147,0
7148,5
7149,0
7150,5
7151,6
7152,1
7153,6
7154,7
7155,9
7156,9
7157,1
7158,5
7159,7
7160,6
7161,5
7162,5
7163,2
7164,6
7165,0
7166,0
7167,1
7168,7
7169,5
7170,1
7171,9
7172,2
7173,6
7174,1
7175,3
7176,7
7177,8
7178,0
7179,0
7180,9
7181,6
7182,2
7183,8
7184,5
7185,5
7186,8
7187,0
7188,7
7189,7
7190,8
7191,2
7192,7
7193,7
7194,8
7195,8
7196,7
7197,0
7198,2
7199,9
7200,1
7201,3
7202,2
7203,3
7204,2
7205,4
7206,6
7207,2
7208,3
7209,1
7210,0
7211,3
7212,3
7213,6
7214,2
7215,5
7216,1
7217,2
7218,0
7219,0
7220,7
7221,7
7222,3
7223,0
7224,7
7225,1
7226,1
7227,7
7228,7
7229,3
7230,5
7231,3
7232,8
7233,9
7234,5
7235,9
7236,6
7237,1
7238,7
7239,4
7240,4
7241,8
7242,4
7243,2
7244,1
7245,5
7246,4
7247,0
7248,8
7249,4
7250,9
7251,9
7252,7
7253,8
7254,5
7255,2
7256,0
7257,4
7258,0
7259,3
7260,4
7261,1
7262,0
7263,5
7264,5
7265,4
7266,5
7267,6
7268,6
7269,3
7270,4
7271,9
7272,7
7273,0
7274,4
7275,9
7276,3
7277,1
7278,6
7279,3
7280,3
7281,8
7282,5
7283,1
7284,4
7285,0
7286,7
7287,8
7288,5
7289,7
7290,2
7291,6
7292,3
7293,4
7294,7
7295,5
7296,3
7297,8
7298,9
7299,2
7300,6
7301,9
7302,6
7303,6
7304,0
7305,2
7306,6
7307,7
7308,8
7309,4
7310,1
7311,5
7312,8
7313,2
7314,3
7315,3
7316,2
7317,1
7318,6
7319,2
7320,2
7321,0
7322,2
7323,4
7324,5
7325,9
7326,4
7327,4
7328,4
7329,4
7330,1
7331,3
7332,5
7333,7
7334,6
7335,5
7336,4
7337,4
7338,6
7339,5
7340,6
7341,6
7342,4
7343,7
7344,5
7345,2
7346,6
7347,5
7348,0
7349,3
7350,3
7351,9
7352,1
7353,3
7354,8
7355,0
7356,7
7357,0
7358,6
7359,8
7360,1
7361,7
7362,8
7363,9
7364,1
7365,5
7366,4
7367,2
7368,5
7369,5
7370,5
7371,8
7372,6
7373,5
7374,0
7375,5
7376,0
7377,1
7378,3
7379,5
7380,7
7381,7
7382,4
7383,8
7384,5
7385,3
7386,9
7387,3
7388,1
7389,7
7390,4
7391,8
7392,4
7393,8
7394,5
7395,1
7396,5
7397,8
7398,6
7399,3
7400,3
7401,3
7402,3
7403,0
7404,4
7405,8
7406,7
7407,9
7408,9
7409,5
7410,8
7411,4
7412,3
7413,9
7414,6
7415,0
7416,2
7417,1
7418,3
7419,8
7420,0
7421,2
7422,3
7423,7
7424,6
7425,9
7426,2
7427,7
7428,4
7429,0
7430,5
7431,6
7432,0
7433,7
7434,5
7435,0
7436,3
7437,8
7438,0
7439,5
7440,3
7441,3
7442,8
7443,7
7444,2
7445,1
7446,6
7447,3
7448,8
7449,9
7450,0
7451,1
7452,9
7453,4
7454,9
7455,0
7456,9
7457,7
7458,4
7459,5
7460,8
7461,5
7462,7
7463,1
7464,2
7465,8
7466,0
7467,6
7468,6
7469,8
7470,6
7471,9
7472,3
7473,1
7474,1
7475,5
7476,3
7477,3
7478,0
7479,7
7480,6
7481,1
7482,4
7483,2
7484,1
7485,1
7486,8
7487,0
7488,1
7489,2
7490,3
7491,2
7492,7
7493,1
7494,5
7495,2
7496,7
7497,2
7498,5
7499,6
7500,9
7501,6
7502,1
7503,8
7504,8
7505,3
7506,7
7507,4
7508,3
7509,2
7510,5
7511,8
7512,0
7513,9
7514,0
7515,7
7516,8
7517,1
7518,2
7519,6
7520,2
7521,4
7522,2
7523,9
7524,1
7525,8
7526,8
7527,9
7528,6
7529,5
7530,5
7531,2
7532,6
7533,1
7534,0
7535,6
7536,1
7537,8
7538,4
7539,5
7540,3
7541,5
7542,0
7543,8
7544,9
7545,0
7546,5
7547,7
7548,9
7549,5
7550,5
7551,4
7552,6
7553,7
7554,9
7555,5
7556,1
7557,3
7558,5
7559,2
7560,1
7561,0
7562,2
7563,3
7564,9
7565,8
7566,1
7567,9
7568,7
7569,5
7570,3
7571,1
7572,2
7573,1
7574,1
7575,7
7576,8
7577,8
7578,1
7579,9
7580,3
7581,0
7582,9
7583,3
7584,1
7585,1
7586,6
7587,2
7588,5
7589,3
7590,6
7591,4
7592,6
7593,9
7594,6
7595,0
7596,1
7597,5
7598,9
7599,3
7600,8
7601,9
7602,8
7603,2
7604,9
7605,1
7606,6
7607,6
7608,0
7609,5
7610,9
7611,5
7612,4
7613,7
7614,9
7615,4
7616,5
7617,0
7618,0
7619,3
7620,3
7621,7
7622,8
7623,9
7624,1
7625,3
7626,2
7627,1
7628,3
7629,4
7630,6
7631,9
7632,1
7633,7
7634,7
7635,1
7636,9
7637,5
7638,1
7639,1
7640,9
7641,9
7642,6
7643,9
7644,8
7645,5
7646,3
7647,2
7648,6
7649,0
7650,2
7651,2
7652,4
7653,0
7654,8
7655,4
7656,8
7657,1
7658,7
7659,7
7660,2
7661,7
7662,9
7663,6
7664,2
7665,2
7666,9
7667,4
7668,6
7669,5
7670,4
7671,2
7672,5
7673,6
7674,5
7675,1
7676,9
7677,6
7678,6
7679,8
7680,6
7681,5
7682,0
7683,8
7684,0
7685,0
7686,9
7687,0
7688,6
7689,0
7690,8
7691,6
7692,6
7693,0
7694,7
7695,9
7696,8
7697,0
7698,7
7699,0
7700,9
7701,6
7702,0
7703,4
7704,7
7705,1
7706,7
7707,8
7708,8
7709,2
7710,3
7711,9
7712,3
7713,5
7714,5
7715,3
7716,1
7717,5
7718,3
7719,0
7720,7
7721,5
7722,2
7723,6
7724,6
7725,8
7726,4
7727,2
7728,6
7729,1
7730,9
7731,4
7732,1
7733,7
7734,0
7735,5
7736,0
7737,3
7738,0
7739,2
7740,9
7741,4
7742,5
7743,0
7744,3
7745,9
7746,7
7747,2
7748,3
7749,0
7750,1
7751,2
7752,7
7753,9
7754,9
7755,0
7756,7
7757,3
7758,6
7759,7
7760,1
7761,2
7762,3
7763,7
7764,3
7765,6
7766,8
7767,6
7768,9
7769,8
7770,7
7771,9
7772,0
7773,3
7774,4
7775,0
7776,7
7777,3
7778,6
7779,6
7780,3
7781,3
7782,5
7783,8
7784,6
7785,2
7786,4
7787,9
7788,5
7789,6
7790,3
7791,0
7792,6
7793,9
7794,8
7795,6
7796,5
7797,8
7798,6
7799,5
7800,9
7801,0
7802,4
7803,5
7804,8
7805,5
7806,9
7807,9
7808,3
7809,8
7810,4
7811,6
7812,0
7813,2
7814,2
7815,7
7816,0
7817,4
7818,6
7819,9
7820,1
7821,5
7822,2
7823,6
7824,7
7825,9
7826,3
7827,9
7828,5
7829,5
7830,2
7831,7
7832,4
7833,8
7834,8
7835,4
7836,0
7837,0
7838,7
7839,0
7840,6
7841,1
7842,5
7843,3
7844,0
7845,9
7846,2
7847,6
7848,7
7849,4
7850,0
7851,0
7852,0
7853,7
7854,4
7855,3
7856,5
7857,6
7858,6
7859,2
7860,7
7861,8
7862,6
7863,1
7864,0
7865,1
7866,3
7867,6
7868,2
7869,8
7870,0
7871,6
7872,0
7873,9
7874,8
7875,6
7876,2
7877,1
7878,0
7879,1
7880,3
7881,0
7882,4
7883,7
7884,9
7885,9
7886,3
7887,7
7888,3
7889,7
7890,0
7891,6
7892,6
7893,9
7894,8
7895,1
7896,2
7897,2
7898,0
7899,1
7900,7
7901,0
7902,1
7903,2
7904,1
7905,1
7906,3
7907,7
7908,6
7909,9
7910,8
7911,5
7912,2
7913,0
7914,1
7915,7
7916,3
7917,6
7918,6
7919,5
7920,6
7921,9
7922,2
7923,8
7924,7
7925,5
7926,0
7927,3
7928,7
7929,5
7930,0
7931,2
7932,4
7933,0
7934,3
7935,8
7936,2
7937,1
7938,1
7939,2
7940,2
7941,2
7942,2
7943,9
7944,1
7945,2
7946,6
7947,9
7948,6
7949,1
7950,8
7951,9
7952,2
7953,1
7954,1
7955,9
7956,9
7957,3
7958,4
7959,5
7960,8
7961,0
7962,3
7963,3
7964,7
7965,1
7966,7
7967,7
7968,7
7969,8
7970,1
7971,6
7972,5
7973,5
7974,1
7975,3
7976,2
7977,7
7978,8
7979,8
7980,5
7981,3
7982,5
7983,9
7984,0
7985,8
7986,5
7987,1
7988,0
7989,6
7990,5
7991,4
7992,9
7993,6
7994,2
7995,0
7996,8
7997,7
7998,1
7999,3
8000,6
8001,9
8002,1
8003,6
8004,6
8005,3
8006,1
8007,9
8008,0
8009,0
8010,3
8011,2
8012,8
8013,6
8014,8
8015,2
8016,8
8017,4
8018,0
8019,8
8020,6
8021,6
8022,1
8023,3
8024,3
8025,0
8026,3
8027,0
8028,4
8029,1
8030,7
8031,0
8032,8
8033,1
8034,3
8035,9
8036,1
8037,6
8038,1
8039,6
8040,1
8041,2
8042,0
8043,7
8044,2
8045,9
8046,3
8047,0
8048,0
8049,0
8050,1
8051,7
8052,1
8053,7
8054,1
8055,9
8056,2
8057,1
8058,9
8059,4
8060,3
8061,6
8062,8
8063,6
8064,0
8065,0
8066,9
8067,0
8068,8
8069,9
8070,4
8071,5
8072,3
8073,3
8074,0
8075,7
8076,8
8077,7
8078,3
8079,3
8080,3
8081,4
8082,6
8083,5
8084,9
8085,5
8086,2
8087,4
8088,7
8089,7
8090,9
8091,3
8092,0
8093,2
8094,7
8095,1
8096,2
8097,3
8098,1
8099,9
8100,3
8101,6
8102,8
8103,9
8104,1
8105,7
8106,0
8107,8
8108,1
8109,5
8110,6
8111,6
8112,5
8113,5
8114,6
8115,3
8116,3
8117,9
8118,8
8119,2
8120,3
8121,8
8122,0
8123,4
8124,9
8125,7
8126,1
8127,4
8128,9
8129,4
8130,2
8131,6
8132,2
8133,8
8134,8
8135,6
8136,7
8137,2
8138,8
8139,1
8140,9
8141,5
8142,3
8143,7
8144,9
8145,9
8146,9
8147,8
8148,5
8149,7
8150,9
8151,6
8152,8
8153,8
8154,0
8155,8
8156,1
8157,0
8158,1
8159,8
8160,8
8161,3
8162,3
8163,9
8164,0
8165,6
8166,1
8167,6
8168,6
8169,6
8170,6
8171,5
8172,2
8173,5
8174,3
8175,5
8176,3
8177,6
8178,0
8179,9
8180,4
8181,4
8182,3
8183,8
8184,3
8185,5
8186,0
8187,8
8188,5
8189,7
8190,0
8191,4
8192,6
8193,3
8194,5
8195,1
8196,8
8197,9
8198,8
8199,5
8200,4
8201,6
8202,7
8203,5
8204,3
8205,3
8206,0
8207,7
8208,7
8209,8
8210,4
8211,0
8212,5
8213,2
8214,6
8215,1
8216,1
8217,3
8218,9
8219,9
8220,6
8221,4
8222,7
8223,8
8224,8
8225,3
8226,9
8227,8
8228,7
8229,8
8230,2
8231,0
8232,9
8233,5
8234,4
8235,1
8236,7
8237,6
8238,7
8239,1
8240,8
8241,7
8242,2
8243,5
8244,4
8245,4
8246,5
8247,8
8248,6
8249,0
8250,1
8251,6
8252,3
8253,2
8254,2
8255,9
8256,9
8257,8
8258,3
8259,0
8260,1
8261,1
8262,1
8263,8
8264,3
8265,2
8266,0
8267,2
8268,0
8269,5
8270,8
8271,6
8272,3
8273,1
8274,6
8275,8
8276,6
8277,0
8278,7
8279,9
8280,3
8281,3
8282,5
8283,1
8284,1
8285,5
8286,9
8287,5
8288,8
8289,5
8290,5
8291,8
8292,4
8293,9
8294,0
8295,8
8296,2
8297,3
8298,1
8299,3
8300,6
8301,3
8302,4
8303,6
8304,0
8305,2
8306,2
8307,5
8308,4
8309,5
8310,4
8311,3
8312,8
8313,9
8314,6
8315,6
8316,6
8317,4
8318,3
8319,2
8320,7
8321,9
8322,5
8323,6
8324,9
8325,5
8326,8
8327,6
8328,9
8329,7
8330,8
8331,5
8332,3
8333,9
8334,1
8335,6
8336,3
8337,3
8338,5
8339,2
8340,8
8341,3
8342,5
8343,1
8344,3
8345,7
8346,9
8347,6
8348,1
8349,6
8350,4
8351,9
8352,2
8353,5
8354,7
8355,6
8356,9
8357,1
8358,8
8359,0
8360,2
8361,7
8362,1
8363,5
8364,3
8365,9
8366,6
8367,1
8368,6
8369,6
8370,2
8371,4
8372,0
8373,8
8374,8
8375,4
8376,4
8377,7
8378,8
8379,5
8380,8
8381,9
8382,2
8383,3
8384,4
8385,9
8386,1
8387,3
8388,8
8389,1
8390,1
8391,1
8392,1
8393,6
8394,8
8395,9
8396,1
8397,3
8398,4
8399,6
8400,4
8401,0
8402,3
8403,0
8404,6
8405,2
8406,2
8407,9
8408,8
8409,6
8410,8
8411,3
8412,8
8413,6
8414,0
8415,6
8416,0
8417,6
8418,1
8419,8
8420,2
8421,3
8422,3
8423,2
8424,6
8425,5
8426,2
8427,9
8428,2
8429,3
8430,4
8431,9
8432,2
8433,5
8434,5
8435,9
8436,9
8437,5
8438,7
8439,1
8440,8
8441,3
8442,8
8443,6
8444,0
8445,5
8446,1
8447,3
8448,9
8449,3
8450,1
8451,8
8452,2
8453,4
8454,1
8455,2
8456,1
8457,4
8458,4
8459,3
8460,9
8461,8
8462,5
8463,4
8464,3
8465,6
8466,1
8467,7
8468,3
8469,6
8470,0
8471,8
8472,0
8473,2
8474,2
8475,4
8476,9
8477,0
8478,5
8479,3
8480,4
8481,2
8482,2
8483,1
8484,0
8485,2
8486,0
8487,4
8488,3
8489,7
8490,1
8491,3
8492,7
8493,1
8494,2
8495,8
8496,1
8497,0
8498,5
8499,1
8500,8
8501,4
8502,8
8503,1
8504,6
8505,1
8506,5
8507,9
8508,8
8509,9
8510,6
8511,7
8512,2
8513,9
8514,9
8515,2
8516,8
8517,8
8518,0
8519,8
8520,7
8521,2
8522,0
8523,1
8524,6
8525,6
8526,6
8527,3
8528,1
8529,3
8530,9
8531,8
8532,1
8533,2
8534,6
8535,6
8536,7
8537,0
8538,0
8539,7
8540,6
8541,4
8542,8
8543,6
8544,0
8545,6
8546,3
8547,0
8548,6
8549,3
8550,9
8551,1
8552,8
8553,0
8554,2
8555,0
8556,5
8557,4
8558,3
8559,2
8560,1
8561,7
8562,8
8563,6
8564,0
8565,1
8566,7
8567,4
8568,8
8569,7
8570,6
8571,6
8572,7
8573,8
8574,0
8575,4
8576,9
8577,0
8578,2
8579,2
8580,1
8581,3
8582,8
8583,6
8584,8
8585,1
8586,9
8587,2
8588,7
8589,6
8590,3
8591,0
8592,6
8593,0
8594,1
8595,3
8596,5
8597,1
8598,3
8599,5
8600,4
8601,3
8602,2
8603,0
8604,1
8605,9
8606,1
8607,1
8608,8
8609,1
8610,6
8611,2
8612,7
8613,4
8614,6
8615,8
8616,9
8617,6
8618,5
8619,3
8620,5
8621,5
8622,9
8623,4
8624,1
8625,8
8626,3
8627,9
8628,7
8629,7
8630,7
8631,5
8632,3
8633,0
8634,5
8635,2
8636,6
8637,4
8638,4
8639,0
8640,0
8641,1
8642,7
8643,6
8644,0
8645,2
8646,1
8647,7
8648,4
8649,1
8650,2
8651,5
8652,2
8653,9
8654,1
8655,3
8656,8
8657,7
8658,3
8659,3
8660,0
8661,7
8662,2
8663,3
8664,9
8665,5
8666,5
8667,8
8668,4
8669,6
8670,2
8671,9
8672,4
8673,7
8674,9
8675,1
8676,7
8677,8
8678,5
8679,1
8680,8
8681,3
8682,2
8683,5
8684,7
8685,3
8686,9
8687,9
8688,6
8689,8
8690,6
8691,0
8692,4
8693,3
8694,9
8695,0
8696,4
8697,9
8698,3
8699,4
8700,6
8701,5
8702,8
8703,0
8704,4
8705,8
8706,6
8707,7
8708,2
8709,2
8710,1
8711,7
8712,4
8713,1
8714,2
8715,6
8716,2
8717,2
8718,8
8719,7
8720,7
8721,0
8722,6
8723,7
8724,7
8725,6
8726,8
8727,9
8728,0
8729,9
8730,3
8731,3
8732,9
8733,1
8734,7
8735,2
8736,3
8737,3
8738,7
8739,4
8740,6
8741,5
8742,0
8743,9
8744,8
8745,1
8746,3
8747,3
8748,2
8749,6
8750,9
8751,9
8752,5
8753,3
8754,4
8755,3
8756,3
8757,2
8758,6
8759,4
8760,7
8761,8
8762,0
8763,8
8764,9
8765,1
8766,2
8767,3
8768,5
8769,2
8770,0
8771,3
8772,6
8773,1
8774,6
8775,3
8776,1
8777,5
8778,0
8779,0
8780,7
8781,0
8782,6
8783,5
8784,6
8785,4
8786,0
8787,3
8788,4
8789,3
8790,5
8791,8
8792,6
8793,6
8794,7
8795,5
8796,0
8797,9
8798,9
8799,6
8800,8
8801,0
8802,2
8803,6
8804,3
8805,2
8806,9
8807,3
8808,6
8809,6
8810,2
8811,2
8812,7
8813,0
8814,1
8815,1
8816,2
8817,7
8818,2
8819,3
8820,0
8821,2
8822,4
8823,6
8824,7
8825,2
8826,0
8827,8
8828,2
8829,0
8830,0
8831,9
8832,6
8833,4
8834,6
8835,8
8836,8
8837,4
8838,1
8839,8
8840,1
8841,2
8842,0
8843,6
8844,8
8845,5
8846,2
8847,6
8848,4
8849,7
8850,9
8851,9
8852,0
8853,7
8854,2
8855,8
8856,4
8857,0
8858,7
8859,2
8860,7
8861,2
8862,3
8863,0
8864,5
8865,9
8866,7
8867,0
8868,8
8869,4
8870,5
8871,5
8872,9
8873,0
8874,3
8875,2
8876,8
8877,1
8878,1
8879,8
8880,9
8881,1
8882,6
8883,5
8884,1
8885,7
8886,5
8887,2
8888,4
8889,8
8890,4
8891,8
8892,9
8893,8
8894,6
8895,2
8896,0
8897,8
8898,2
8899,7
8900,4
8901,4
8902,7
8903,6
8904,0
8905,5
8906,1
8907,7
8908,1
8909,8
8910,0
8911,1
8912,4
8913,4
8914,8
8915,4
8916,9
8917,6
8918,1
8919,0
8920,7
8921,6
8922,8
8923,9
8924,2
8925,2
8926,0
8927,4
8928,9
8929,2
8930,9
8931,8
8932,9
8933,2
8934,5
8935,5
8936,0
8937,9
8938,7
8939,1
8940,8
8941,7
8942,0
8943,6
8944,5
8945,9
8946,1
8947,9
8948,4
8949,6
8950,7
8951,9
8952,8
8953,6
8954,9
8955,2
8956,9
8957,4
8958,5
8959,2
8960,1
8961,0
8962,0
8963,5
8964,6
8965,0
8966,2
8967,3
8968,2
8969,8
8970,8
8971,0
8972,6
8973,2
8974,3
8975,2
8976,8
8977,2
8978,0
8979,6
8980,5
8981,8
8982,6
8983,2
8984,5
8985,6
8986,0
8987,6
8988,3
8989,2
8990,3
8991,1
8992,0
8993,5
8994,9
8995,8
8996,9
8997,7
8998,3
8999,9
9000,8
9001,8
9002,1
9003,6
9004,3
9005,7
9006,5
9007,6
9008,2
9009,0
9010,6
9011,8
9012,6
9013,8
9014,7
9015,3
9016,8
9017,1
9018,0
9019,8
9020,9
9021,3
9022,6
9023,3
9024,8
9025,0
9026,2
9027,9
9028,5
9029,8
9030,4
9031,2
9032,0
9033,9
9034,5
9035,2
9036,5
9037,7
9038,9
9039,2
9040,4
9041,5
9042,2
9043,1
9044,8
9045,2
9046,0
9047,9
9048,4
9049,9
9050,2
9051,3
9052,8
9053,0
9054,5
9055,8
9056,6
9057,4
9058,8
9059,5
9060,5
9061,9
9062,7
9063,1
9064,7
9065,9
9066,0
9067,1
9068,9
9069,6
9070,9
9071,2
9072,7
9073,9
9074,4
9075,4
9076,0
9077,6
9078,2
9079,4
9080,1
9081,5
9082,7
9083,3
9084,8
9085,5
9086,1
9087,0
9088,3
9089,3
9090,3
9091,5
9092,7
9093,6
9094,3
9095,2
9096,5
9097,9
9098,0
9099,3
9100,9
9101,9
9102,8
9103,7
9104,4
9105,4
9106,8
9107,6
9108,7
9109,2
9110,3
9111,1
9112,0
9113,7
9114,0
9115,8
9116,8
9117,4
9118,9
9119,3
9120,4
9121,3
9122,3
9123,9
9124,2
9125,0
9126,1
9127,0
9128,9
9129,4
9130,4
9131,8
9132,5
9133,5
9134,9
9135,5
9136,7
9137,6
9138,2
9139,5
9140,4
9141,7
9142,3
9143,3
9144,9
9145,0
9146,1
9147,5
9148,9
9149,5
9150,0
9151,6
9152,0
9153,4
9154,0
9155,2
9156,5
9157,6
9158,3
9159,8
9160,9
9161,4
9162,6
9163,1
9164,4
9165,5
9166,4
9167,6
9168,7
9169,2
9170,0
9171,9
9172,0
9173,0
9174,4
9175,7
9176,8
9177,3
9178,9
9179,1
9180,1
9181,5
9182,0
9183,0
9184,8
9185,4
9186,1
9187,7
9188,4
9189,2
9190,2
9191,9
9192,3
9193,2
9194,0
9195,6
9196,6
9197,0
9198,1
9199,3
9200,9
9201,8
9202,5
9203,7
9204,8
9205,0
9206,4
9207,8
9208,9
9209,0
9210,1
9211,7
9212,1
9213,6
9214,2
9215,9
9216,5
9217,3
9218,9
9219,3
9220,2
9221,8
9222,2
9223,7
9224,9
9225,6
9226,0
9227,9
9228,9
9229,3
9230,1
9231,7
9232,5
9233,1
9234,8
9235,2
9236,0
9237,9
9238,0
9239,9
9240,8
9241,8
9242,6
9243,7
9244,3
9245,7
9246,1
9247,3
9248,9
9249,0
9250,9
9251,5
9252,6
9253,4
9254,4
9255,2
9256,3
9257,0
9258,9
9259,9
9260,7
9261,5
9262,5
9263,3
9264,6
9265,3
9266,1
9267,8
9268,6
9269,4
9270,2
9271,9
9272,0
9273,0
9274,0
9275,0
9276,8
9277,7
9278,3
9279,7
9280,8
9281,9
9282,2
9283,7
9284,9
9285,7
9286,8
9287,5
9288,9
9289,9
9290,3
9291,4
9292,8
9293,8
9294,7
9295,2
9296,3
9297,8
9298,2
9299,1
9300,9
9301,5
9302,3
9303,9
9304,9
9305,7
9306,5
9307,8
9308,7
9309,3
9310,3
9311,3
9312,3
9313,9
9314,4
9315,6
9316,2
9317,4
9318,5
9319,4
9320,3
9321,9
9322,4
9323,3
9324,1
9325,9
9326,6
9327,0
9328,3
9329,6
9330,7
9331,4
9332,7
9333,9
9334,0
9335,7
9336,7
9337,5
9338,3
9339,3
9340,1
9341,1
9342,3
9343,6
9344,8
9345,2
9346,1
9347,5
9348,8
9349,5
9350,1
9351,6
9352,9
9353,8
9354,5
9355,0
9356,6
9357,0
9358,9
9359,2
9360,0
9361,0
9362,1
9363,9
9364,3
9365,5
9366,6
9367,8
9368,9
9369,1
9370,4
9371,8
9372,8
9373,7
9374,1
9375,7
9376,5
9377,3
9378,4
9379,9
9380,7
9381,3
9382,3
9383,9
9384,9
9385,0
9386,7
9387,4
9388,1
9389,5
9390,8
9391,7
9392,9
9393,0
9394,4
9395,5
9396,7
9397,2
9398,2
9399,1
9400,7
9401,6
9402,9
9403,6
9404,9
9405,5
9406,8
9407,3
9408,6
9409,6
9410,9
9411,5
9412,7
9413,8
9414,0
9415,3
9416,9
9417,7
9418,3
9419,1
9420,2
9421,5
9422,1
9423,3
9424,4
9425,2
9426,6
9427,4
9428,1
9429,3
9430,4
9431,6
9432,5
9433,1
9434,3
9435,7
9436,3
9437,6
9438,3
9439,7
9440,0
9441,8
9442,4
9443,4
9444,2
9445,7
9446,5
9447,7
9448,4
9449,9
9450,1
9451,6
9452,8
9453,0
9454,3
9455,3
9456,1
9457,6
9458,9
9459,7
9460,1
9461,3
9462,6
9463,2
9464,1
9465,4
9466,4
9467,1
9468,7
9469,4
9470,0
9471,9
9472,4
9473,8
9474,0
9475,8
9476,6
9477,8
9478,5
9479,7
9480,7
9481,2
9482,5
9483,0
9484,8
9485,9
9486,7
9487,0
9488,1
9489,6
9490,6
9491,8
9492,6
9493,9
9494,0
9495,9
9496,0
9497,1
9498,2
9499,6
9500,0
9501,9
9502,0
9503,6
9504,2
9505,6
9506,3
9507,2
9508,0
9509,9
9510,4
9511,1
9512,4
9513,0
9514,6
9515,1
9516,9
9517,9
9518,0
9519,1
9520,9
9521,9
9522,4
9523,2
9524,5
9525,4
9526,2
9527,9
9528,3
9529,8
9530,8
9531,6
9532,6
9533,8
9534,2
9535,6
9536,6
9537,3
9538,6
9539,8
9540,0
9541,5
9542,3
9543,9
9544,2
9545,6
9546,9
9547,6
9548,4
9549,6
9550,4
9551,6
9552,5
9553,9
9554,7
9555,7
9556,2
9557,5
9558,2
9559,0
9560,9
9561,9
9562,0
9563,3
9564,3
9565,9
9566,0
9567,9
9568,2
9569,8
9570,6
9571,7
9572,6
9573,8
9574,5
9575,4
9576,3
9577,3
9578,0
9579,2
9580,2
9581,1
9582,7
9583,5
9584,9
9585,6
9586,4
9587,5
9588,3
9589,1
9590,5
9591,2
9592,1
9593,1
9594,9
9595,9
9596,7
9597,3
9598,2
9599,9
9600,7
9601,8
9602,5
9603,8
9604,7
9605,0
9606,5
9607,0
9608,4
9609,0
9610,6
9611,4
9612,8
9613,2
9614,4
9615,6
9616,6
9617,4
9618,8
9619,1
9620,8
9621,4
9622,6
9623,2
9624,9
9625,2
9626,2
9627,1
9628,4
9629,9
9630,1
9631,6
9632,4
9633,2
9634,0
9635,1
9636,4
9637,6
9638,2
9639,2
9640,0
9641,5
9642,3
9643,0
9644,9
9645,0
9646,1
9647,9
9648,0
9649,2
9650,3
9651,8
9652,7
9653,0
9654,6
9655,5
9656,8
9657,8
9658,3
9659,9
9660,4
9661,6
9662,5
9663,1
9664,1
9665,8
9666,5
9667,3
9668,9
9669,7
9670,8
9671,1
9672,7
9673,7
9674,9
9675,9
9676,4
9677,2
9678,6
9679,3
9680,2
9681,8
9682,2
9683,7
9684,2
9685,7
9686,0
9687,2
9688,9
9689,2
9690,9
9691,4
9692,2
9693,9
9694,6
9695,3
9696,0
9697,1
9698,8
9699,7
9700,9
9701,0
9702,4
9703,7
9704,0
9705,5
9706,9
9707,9
9708,5
9709,1
9710,8
9711,5
9712,4
9713,3
9714,8
9715,1
9716,4
9717,7
9718,9
9719,9
9720,8
9721,6
9722,0
9723,3
9724,7
9725,0
9726,8
9727,9
9728,0
9729,2
9730,6
9731,3
9732,2
9733,9
9734,7
9735,4
9736,0
9737,2
9738,9
9739,6
9740,1
9741,6
9742,5
9743,9
9744,1
9745,9
9746,3
9747,0
9748,0
9749,3
9750,0
9751,3
9752,2
9753,7
9754,3
9755,9
9756,3
9757,7
9758,7
9759,2
9760,5
9761,0
9762,5
9763,6
9764,1
9765,2
9766,4
9767,0
9768,2
9769,7
9770,8
9771,6
9772,4
9773,0
9774,1
9775,5
9776,9
9777,4
9778,9
9779,3
9780,6
9781,4
9782,3
9783,2
9784,2
9785,8
9786,8
9787,1
9788,2
9789,1
9790,6
9791,0
9792,2
9793,1
9794,2
9795,1
9796,5
9797,9
9798,1
9799,5
9800,7
9801,1
9802,5
9803,0
9804,1
9805,5
9806,2
9807,9
9808,1
9809,1
9810,3
9811,8
9812,1
9813,1
9814,1
9815,8
9816,2
9817,1
9818,1
9819,0
9820,5
9821,0
9822,6
9823,0
9824,3
9825,1
9826,2
9827,0
9828,4
9829,9
9830,7
9831,1
9832,2
9833,6
9834,7
9835,8
9836,7
9837,2
9838,4
9839,5
9840,2
9841,4
9842,8
9843,6
9844,1
9845,5
9846,9
9847,8
9848,0
9849,2
9850,0
9851,4
9852,6
9853,0
9854,6
9855,9
9856,7
9857,5
9858,1
9859,4
9860,6
9861,2
9862,6
9863,3
9864,6
9865,0
9866,1
9867,9
9868,8
9869,9
9870,7
9871,7
9872,9
9873,0
9874,0
9875,2
9876,8
9877,8
9878,2
9879,2
9880,7
9881,7
9882,9
9883,1
9884,7
9885,9
9886,8
9887,4
9888,5
9889,5
9890,8
9891,0
9892,2
9893,5
9894,6
9895,0
9896,4
9897,2
9898,8
9899,9
9900,2
9901,8
9902,8
9903,1
9904,4
9905,0
9906,9
9907,0
9908,1
9909,0
9910,1
9911,7
9912,7
9913,8
9914,7
9915,8
9916,5
9917,1
9918,2
9919,6
9920,2
9921,6
9922,0
9923,9
9924,7
9925,0
9926,4
9927,6
9928,9
9929,5
9930,8
9931,9
9932,0
9933,8
9934,7
9935,5
9936,1
9937,8
9938,4
9939,9
9940,5
9941,3
9942,1
9943,0
9944,0
9945,7
9946,7
9947,0
9948,6
9949,8
9950,2
9951,3
9952,0
9953,5
9954,7
9955,0
9956,8
9957,0
9958,1
9959,9
9960,2
9961,0
9962,9
9963,2
9964,0
9965,5
9966,2
9967,6
9968,3
9969,5
9970,1
9971,2
9972,9
9973,4
9974,8
9975,1
9976,7
9977,5
9978,5
9979,7
9980,3
9981,2
9982,7
9983,6
9984,0
9985,5
9986,3
9987,8
9988,8
9989,8
9990,4
9991,7
9992,0
9993,3
9994,3
9995,3
9996,8
9997,3
9998,5
9999,1
10000,7
